,Alter,Einkommen,Geschlecht,Zeit,KundeNr,Preis,Niederlassung
0,30,39919,0.0,29,K1814,,Bayern
1,41,53430,0.0,27,K1544,,Baden-Württemberg
2,64,73163,0.0,32,K1945,,Baden-Württemberg
3,41,36761,0.0,44,K1825,,Baden-Württemberg
4,35,42684,1.0,33,K1144,,Nordrhein-Westfalen
5,67,63881,1.0,27,K1395,,Berlin
6,46,68885,0.0,59,K1405,,Nordrhein-Westfalen
7,63,63083,0.0,40,K1438,,Niedersachsen
8,30,55256,1.0,31,K1313,,Baden-Württemberg
9,32,44873,0.0,44,K1241,,Sachsen
10,66,75200,0.0,35,K1242,,Berlin
11,61,59560,0.0,37,K1801,,Nordrhein-Westfalen
12,66,90643,1.0,25,K1590,,Baden-Württemberg
13,68,80553,0.0,56,K1349,,Baden-Württemberg
14,39,42543,1.0,30,K1449,,Hessen
15,40,33126,0.0,34,K1958,,Baden-Württemberg
16,44,62175,1.0,33,K1726,,Berlin
17,49,51900,0.0,40,K1758,,Bayern
18,48,59967,1.0,21,K1991,,Hessen
19,36,33884,0.0,49,K1215,,Bayern
20,66,67587,1.0,37,K1399,,Nordrhein-Westfalen
21,31,38844,1.0,21,K1552,,Berlin
22,61,66782,0.0,25,K1297,,Nordrhein-Westfalen
23,40,54891,0.0,46,K1787,,Baden-Württemberg
24,49,59388,0.0,21,K1643,,Baden-Württemberg
25,62,92892,0.0,14,K1924,,Nordrhein-Westfalen
26,36,36252,1.0,46,K1135,,Hamburg
27,45,54233,1.0,37,K1778,,Niedersachsen
28,64,84876,0.0,34,K1168,,Baden-Württemberg
29,50,60708,0.0,44,K1501,,Hessen
30,45,54500,0.0,30,K1982,,Hamburg
31,31,34101,1.0,46,K1246,,Bayern
32,50,55260,0.0,46,K1898,,Brandenburg
33,52,71014,1.0,21,K1340,,Bayern
34,34,53036,0.0,46,K1309,,Bayern
35,67,79728,1.0,22,K1725,,Thüringen
36,31,26637,1.0,30,K1128,,Niedersachsen
37,38,48808,1.0,54,K1303,,Baden-Württemberg
38,46,61964,0.0,57,K1947,,Bayern
39,31,27594,0.0,49,K1844,,Bayern
40,68,83333,1.0,33,K1225,,Bayern
41,48,54207,0.0,45,K1582,,Nordrhein-Westfalen
42,40,65585,0.0,43,K1942,,Bayern
43,37,39421,1.0,38,K1895,,Berlin
44,69,108569,1.0,47,K1467,,Nordrhein-Westfalen
45,69,91624,1.0,21,K1191,,Niedersachsen
46,43,67392,0.0,45,K1172,,Nordrhein-Westfalen
47,52,68557,0.0,27,K1455,,Sachsen
48,37,51083,0.0,41,K1315,,Baden-Württemberg
49,51,52205,0.0,42,K1764,,Baden-Württemberg
50,68,96580,0.0,30,K1553,,Nordrhein-Westfalen
51,63,80825,1.0,50,K1925,,Berlin
52,63,56999,1.0,50,K1465,,Berlin
53,66,64794,1.0,35,K1907,,Berlin
54,50,75601,0.0,31,K1385,,Thüringen
55,35,32469,1.0,24,K1690,,Bayern
56,53,51711,1.0,37,K1175,,Baden-Württemberg
57,62,75231,1.0,44,K1404,,Baden-Württemberg
58,39,37428,1.0,37,K1316,,Niedersachsen
59,53,75785,0.0,49,K1149,,Bayern
60,39,30485,1.0,44,K1513,,Hamburg
61,60,70853,1.0,30,K1551,,Baden-Württemberg
62,41,57516,1.0,39,K1531,,Berlin
63,37,66419,1.0,28,K1273,,Thüringen
64,45,62279,1.0,27,K1301,,Baden-Württemberg
65,52,70297,0.0,51,K1877,,Nordrhein-Westfalen
66,37,65034,1.0,44,K1177,,Niedersachsen
67,36,41668,0.0,40,K1527,,Bayern
68,43,49480,1.0,23,K1637,,Baden-Württemberg
69,54,56292,1.0,36,K1696,,Hamburg
70,67,78307,0.0,35,K1417,,Hamburg
71,37,43614,1.0,34,K1416,,Bayern
72,49,76602,1.0,19,K1994,,Berlin
73,42,58051,0.0,25,K1940,,Baden-Württemberg
74,46,51857,1.0,44,K1938,,Nordrhein-Westfalen
75,68,79291,0.0,36,K1710,,Nordrhein-Westfalen
76,70,76105,0.0,25,K1872,,Hessen
77,58,68691,1.0,37,K1644,,Nordrhein-Westfalen
78,43,48849,0.0,36,K1462,,Brandenburg
79,65,92223,1.0,41,K1359,,Baden-Württemberg
80,69,85613,1.0,28,K1371,,Hessen
81,47,53430,1.0,30,K1171,,Berlin
82,41,34560,0.0,34,K1424,,Baden-Württemberg
83,38,46846,0.0,46,K1883,,Baden-Württemberg
84,44,53482,1.0,33,K1279,,Bayern
85,35,29395,1.0,28,K1598,,Baden-Württemberg
86,40,68282,1.0,15,K1320,,Hamburg
87,45,66573,0.0,52,K1414,,Nordrhein-Westfalen
88,39,44825,0.0,45,K1927,,Baden-Württemberg
89,38,40638,1.0,46,K1355,,Baden-Württemberg
90,61,75680,1.0,42,K1270,,Sachsen
91,37,39528,1.0,19,K1646,,Bayern
92,32,44270,1.0,45,K1730,,Niedersachsen
93,70,74005,0.0,42,K1493,,Baden-Württemberg
94,34,43060,1.0,32,K1181,,Nordrhein-Westfalen
95,60,71786,1.0,36,K1386,,Bayern
96,48,60260,0.0,30,K1817,,Berlin
97,37,45165,1.0,36,K1443,,Bayern
98,68,98083,1.0,22,K1432,,Berlin
99,44,43990,1.0,35,K1426,,Brandenburg
100,48,54965,1.0,30,K1650,,Niedersachsen
101,53,53797,1.0,24,K1695,,Hessen
102,61,75646,1.0,45,K1396,,Bayern
103,67,85750,0.0,41,K1570,,Nordrhein-Westfalen
104,49,49362,0.0,36,K1919,,Thüringen
105,40,39581,1.0,5,K1547,,Niedersachsen
106,53,72005,0.0,27,K1775,,Nordrhein-Westfalen
107,50,64799,1.0,35,K1567,,Thüringen
108,54,73773,1.0,23,K1391,,Berlin
109,49,51990,1.0,29,K1314,,Berlin
110,40,62840,0.0,35,K1774,,Nordrhein-Westfalen
111,30,46686,1.0,36,K1332,,Sachsen
112,35,42664,0.0,34,K1954,,Nordrhein-Westfalen
113,65,78027,1.0,12,K1617,,Niedersachsen
114,54,54771,0.0,26,K1632,,Baden-Württemberg
115,61,79526,1.0,62,K1981,,Baden-Württemberg
116,36,32281,1.0,52,K1201,,Hessen
117,32,31010,0.0,42,K1397,,Baden-Württemberg
118,68,78362,0.0,21,K1428,,Baden-Württemberg
119,51,56457,0.0,28,K1841,,Nordrhein-Westfalen
120,68,74860,0.0,20,K1634,,Bayern
121,54,68635,0.0,29,K1323,,Baden-Württemberg
122,61,61246,0.0,45,K1380,,Nordrhein-Westfalen
123,63,69114,0.0,39,K1183,,Hamburg
124,58,76153,0.0,25,K1890,,Bayern
125,41,39145,1.0,40,K1709,,Hessen
126,45,34526,1.0,17,K1901,,Baden-Württemberg
127,47,61173,1.0,37,K1244,,Niedersachsen
128,35,40070,1.0,47,K1683,,Bayern
129,47,61411,1.0,21,K1599,,Bayern
130,66,76131,0.0,42,K1464,,Sachsen
131,57,52580,1.0,29,K1170,,Bayern
132,31,12031,1.0,32,K1586,,Baden-Württemberg
133,63,74054,0.0,43,K1882,,Nordrhein-Westfalen
134,30,47051,1.0,23,K1704,,Baden-Württemberg
135,57,75169,0.0,44,K1935,,Thüringen
136,49,53203,0.0,44,K1411,,Hessen
137,64,74726,1.0,55,K1336,,Bayern
138,37,60309,0.0,38,K1950,,Baden-Württemberg
139,40,56212,1.0,39,K1154,,Bayern
140,50,46631,1.0,36,K1757,,Bayern
141,49,56491,0.0,25,K1959,,Baden-Württemberg
142,51,46713,0.0,34,K1447,,Berlin
143,37,37001,1.0,29,K1699,,Bayern
144,34,46611,1.0,34,K1990,,Berlin
145,36,39625,1.0,55,K1521,,Bayern
146,70,97897,1.0,60,K1318,,Berlin
147,43,68343,1.0,32,K1138,,Nordrhein-Westfalen
148,59,68648,1.0,32,K1136,,Nordrhein-Westfalen
149,34,42021,0.0,36,K1773,,Brandenburg
150,66,78363,1.0,26,K1689,,Baden-Württemberg
151,55,67416,1.0,31,K1619,,Nordrhein-Westfalen
152,57,75132,0.0,41,K1793,,Bayern
153,52,54277,1.0,48,K1214,,Nordrhein-Westfalen
154,62,83975,0.0,33,K1182,,Bayern
155,42,60427,1.0,44,K1716,,Sachsen
156,67,87075,1.0,59,K1748,,Niedersachsen
157,55,76311,1.0,41,K1187,,Baden-Württemberg
158,31,38298,1.0,3,K1623,,Nordrhein-Westfalen
159,33,35653,0.0,26,K1762,,Nordrhein-Westfalen
160,37,51507,0.0,34,K1401,,Niedersachsen
161,43,58161,1.0,31,K1612,,Nordrhein-Westfalen
162,30,38642,1.0,35,K1913,,Bayern
163,46,56617,0.0,31,K1480,,Hessen
164,37,38266,1.0,36,K1110,,Baden-Württemberg
165,41,52447,1.0,48,K1159,,Sachsen
166,48,63015,0.0,50,K1503,,Berlin
167,45,44514,1.0,37,K1562,,Berlin
168,33,20924,1.0,36,K1626,,Baden-Württemberg
169,62,77172,1.0,36,K1468,,Baden-Württemberg
170,67,68054,0.0,40,K1202,,Niedersachsen
171,46,57346,1.0,32,K1522,,Hamburg
172,52,74487,1.0,41,K1677,,Bayern
173,46,54308,1.0,32,K1957,,Brandenburg
174,48,68669,1.0,41,K1538,,Niedersachsen
175,54,70603,1.0,13,K1878,,Sachsen
176,44,46191,1.0,45,K1130,,Baden-Württemberg
177,63,66297,0.0,43,K1189,,Niedersachsen
178,47,46132,1.0,38,K1115,,Nordrhein-Westfalen
179,35,55240,0.0,24,K1436,,Nordrhein-Westfalen
180,66,78220,0.0,41,K1838,,Sachsen
181,52,67495,1.0,25,K1487,,Nordrhein-Westfalen
182,36,48519,1.0,30,K1809,,Baden-Württemberg
183,33,44999,0.0,18,K1918,,Baden-Württemberg
184,54,49679,0.0,24,K1223,,Sachsen
185,45,51504,1.0,50,K1641,,Baden-Württemberg
186,40,57367,1.0,31,K1466,,Baden-Württemberg
187,61,80750,0.0,24,K1134,,Sachsen
188,57,63456,0.0,45,K1160,,Bayern
189,52,45802,1.0,25,K1970,,Baden-Württemberg
190,53,58520,0.0,20,K1700,,Brandenburg
191,51,56254,0.0,17,K1344,,Berlin
192,68,77479,0.0,45,K1826,,Baden-Württemberg
193,68,80288,1.0,19,K1186,,Brandenburg
194,42,37936,0.0,30,K1364,,Sachsen
195,57,50221,1.0,47,K1591,,Bayern
196,38,48379,1.0,43,K1821,,Thüringen
197,69,98029,1.0,37,K1905,,Bayern
198,66,82388,0.0,34,K1886,,Hessen
199,53,69200,0.0,25,K1647,,Berlin
200,54,59334,0.0,34,K1431,,Baden-Württemberg
201,46,49472,1.0,36,K1639,,Bayern
202,50,61480,1.0,44,K1640,,Baden-Württemberg
203,33,54044,0.0,30,K1588,,Bayern
204,50,66940,0.0,32,K1867,,Thüringen
205,65,74982,0.0,27,K1638,,Hessen
206,65,62675,1.0,33,K1818,,Baden-Württemberg
207,65,85235,1.0,44,K1495,,Nordrhein-Westfalen
208,39,23109,1.0,39,K1600,,Sachsen
209,48,55111,1.0,31,K1587,,Nordrhein-Westfalen
210,64,74797,0.0,28,K1482,,Niedersachsen
211,63,66343,1.0,53,K1470,,Baden-Württemberg
212,50,58484,1.0,40,K1517,,Thüringen
213,66,88621,0.0,44,K1573,,Hessen
214,36,30932,0.0,43,K1514,,Baden-Württemberg
215,64,70306,1.0,36,K1112,,Berlin
216,53,49633,1.0,30,K1685,,Nordrhein-Westfalen
217,66,69331,0.0,32,K1260,,Baden-Württemberg
218,37,51799,0.0,40,K1985,,Baden-Württemberg
219,38,51013,1.0,49,K1530,,Nordrhein-Westfalen
220,60,77364,0.0,34,K1206,,Bayern
221,62,69519,0.0,31,K1304,,Sachsen
222,40,52774,0.0,41,K1529,,Hessen
223,56,70615,0.0,15,K1403,,Brandenburg
224,39,43354,0.0,28,K1989,,Bayern
225,68,89005,0.0,22,K1352,,Baden-Württemberg
226,35,39196,1.0,26,K1583,,Bayern
227,58,74550,0.0,32,K1410,,Niedersachsen
228,65,83198,1.0,47,K1421,,Berlin
229,33,45748,1.0,55,K1107,,Niedersachsen
230,47,79607,1.0,47,K1510,,Berlin
231,47,59352,1.0,14,K1847,,Baden-Württemberg
232,60,55814,1.0,27,K1365,,Baden-Württemberg
233,52,66108,1.0,41,K1472,,Thüringen
234,69,85175,1.0,31,K1263,,Nordrhein-Westfalen
235,42,54182,1.0,26,K1659,,Nordrhein-Westfalen
236,44,52096,1.0,45,K1934,,Nordrhein-Westfalen
237,55,88482,1.0,26,K1782,,Berlin
238,56,83787,0.0,27,K1485,,Niedersachsen
239,40,38822,0.0,18,K1731,,Berlin
240,56,66000,0.0,32,K1407,,Berlin
241,52,33297,0.0,18,K1537,,Nordrhein-Westfalen
242,65,68211,1.0,20,K1627,,Berlin
243,37,50176,1.0,31,K1509,,Bayern
244,38,48780,1.0,18,K1948,,Niedersachsen
245,37,41519,1.0,33,K1460,,Bayern
246,36,50243,1.0,48,K1569,,Nordrhein-Westfalen
247,31,26018,0.0,32,K1858,,Baden-Württemberg
248,38,44672,0.0,36,K1317,,Bayern
249,44,50981,0.0,21,K1554,,Sachsen
250,59,70012,1.0,39,K1184,,Baden-Württemberg
251,38,29787,1.0,47,K1253,,Hamburg
252,33,35350,1.0,24,K1533,,Hessen
253,63,60561,1.0,38,K1165,,Bayern
254,49,58250,1.0,25,K1765,,Baden-Württemberg
255,47,56933,1.0,42,K1909,,Baden-Württemberg
256,51,54872,0.0,40,K1693,,Bayern
257,64,85441,0.0,42,K1870,,Sachsen
258,60,67965,1.0,29,K1370,,Bayern
259,48,48300,1.0,28,K1238,,Baden-Württemberg
260,63,86198,0.0,32,K1813,,Nordrhein-Westfalen
261,54,53806,0.0,37,K1649,,Sachsen
262,57,78842,0.0,24,K1451,,Berlin
263,68,86965,0.0,15,K1926,,Berlin
264,47,50383,1.0,35,K1738,,Baden-Württemberg
265,31,10802,1.0,25,K1561,,Brandenburg
266,42,54815,0.0,34,K1605,,Baden-Württemberg
267,57,60410,1.0,33,K1535,,Baden-Württemberg
268,42,49912,1.0,26,K1550,,Sachsen
269,48,51462,1.0,20,K1755,,Niedersachsen
270,64,67482,1.0,10,K1277,,Bayern
271,40,59391,0.0,37,K1555,,Brandenburg
272,58,71796,1.0,26,K1419,,Berlin
273,64,85476,1.0,27,K1437,,Hamburg
274,67,94337,1.0,27,K1906,,Hessen
275,57,52369,1.0,42,K1195,,Thüringen
276,63,71786,1.0,40,K1939,,Bayern
277,40,39209,0.0,43,K1286,,Sachsen
278,41,50331,0.0,48,K1686,,Niedersachsen
279,33,47738,1.0,47,K1900,,Baden-Württemberg
280,57,51230,1.0,28,K1174,,Sachsen
281,62,64399,0.0,18,K1236,,Berlin
282,67,71626,1.0,29,K1439,,Bayern
283,35,50926,1.0,35,K1702,,Sachsen
284,51,66518,1.0,22,K1240,,Nordrhein-Westfalen
285,69,80266,1.0,36,K1269,,Niedersachsen
286,46,42528,0.0,44,K1133,,Nordrhein-Westfalen
287,63,75258,0.0,50,K1888,,Thüringen
288,44,50005,0.0,23,K1298,,Bayern
289,39,35225,0.0,48,K1974,,Niedersachsen
290,33,24242,1.0,42,K1820,,Berlin
291,42,54485,1.0,33,K1630,,Bayern
292,65,81926,1.0,48,K1486,,Bayern
293,40,51957,1.0,16,K1245,,Sachsen
294,36,47469,1.0,18,K1278,,Bayern
295,38,50640,1.0,28,K1111,,Bayern
296,51,55860,1.0,44,K1823,,Baden-Württemberg
297,66,68505,0.0,37,K1790,,Bayern
298,33,31654,1.0,31,K1178,,Bayern
299,44,54025,1.0,30,K1987,,Nordrhein-Westfalen
300,47,61371,1.0,42,K1433,,Bayern
301,33,37067,1.0,47,K1558,,Nordrhein-Westfalen
302,58,62171,1.0,26,K1250,,Baden-Württemberg
303,67,76785,1.0,15,K1339,,Hessen
304,40,35558,0.0,31,K1325,,Baden-Württemberg
305,32,20329,1.0,30,K1475,,Bayern
306,30,29694,1.0,30,K1916,,Niedersachsen
307,39,63156,1.0,41,K1237,,Berlin
308,59,71024,0.0,28,K1799,,Hessen
309,51,70533,1.0,7,K1969,,Baden-Württemberg
310,67,86403,1.0,29,K1290,,Hessen
311,47,67161,1.0,36,K1146,,Berlin
312,31,54066,0.0,45,K1652,,Bayern
313,36,29204,0.0,27,K1213,,Bayern
314,40,59102,0.0,29,K1708,,Bayern
315,69,78816,0.0,61,K1161,,Nordrhein-Westfalen
316,69,79027,1.0,24,K1499,,Berlin
317,38,66319,0.0,43,K1811,,Baden-Württemberg
318,51,71227,1.0,33,K1654,,Hessen
319,31,35916,1.0,34,K1129,,Bayern
320,38,44788,1.0,22,K1456,,Sachsen
321,65,73604,1.0,45,K1534,,Berlin
322,66,65216,1.0,13,K1539,,Baden-Württemberg
323,53,58268,0.0,57,K1156,,Niedersachsen
324,66,81322,1.0,42,K1631,,Thüringen
325,52,59034,0.0,22,K1921,,Berlin
326,46,54677,0.0,37,K1674,,Thüringen
327,44,49839,1.0,31,K1369,,Baden-Württemberg
328,53,70483,1.0,18,K1541,,Baden-Württemberg
329,70,86136,0.0,39,K1718,,Baden-Württemberg
330,41,46277,1.0,14,K1798,,Bayern
331,58,83377,1.0,25,K1457,,Nordrhein-Westfalen
332,43,38133,0.0,27,K1123,,Baden-Württemberg
333,43,61618,1.0,24,K1771,,Bayern
334,52,66931,1.0,26,K1687,,Baden-Württemberg
335,66,82714,0.0,16,K1188,,Nordrhein-Westfalen
336,40,49390,1.0,51,K1166,,Nordrhein-Westfalen
337,38,46307,1.0,33,K1377,,Hessen
338,57,84130,1.0,56,K1390,,Nordrhein-Westfalen
339,61,61255,0.0,22,K1800,,Niedersachsen
340,66,64549,1.0,26,K1851,,Sachsen
341,37,37026,0.0,52,K1117,,Thüringen
342,37,41986,0.0,42,K1287,,Bayern
343,58,63296,1.0,17,K1549,,Baden-Württemberg
344,51,67323,0.0,46,K1657,,Berlin
345,55,63084,0.0,34,K1328,,Baden-Württemberg
346,66,84640,1.0,34,K1618,,Berlin
347,57,81289,0.0,31,K1733,,Berlin
348,35,44388,1.0,30,K1692,,Baden-Württemberg
349,43,49717,1.0,46,K1797,,Niedersachsen
350,35,41206,0.0,39,K1628,,Sachsen
351,62,72706,0.0,50,K1769,,Nordrhein-Westfalen
352,54,72310,1.0,35,K1281,,Berlin
353,60,74192,1.0,25,K1946,,Berlin
354,31,40364,0.0,20,K1783,,Niedersachsen
355,62,77712,0.0,29,K1268,,Hessen
356,55,66068,1.0,35,K1353,,Hessen
357,69,78275,1.0,30,K1675,,Thüringen
358,65,75316,1.0,43,K1892,,Nordrhein-Westfalen
359,56,58982,1.0,16,K1179,,Bayern
360,38,46195,1.0,26,K1218,,Bayern
361,70,69727,1.0,35,K1740,,Brandenburg
362,66,79151,1.0,35,K1606,,Nordrhein-Westfalen
363,40,67881,0.0,41,K1209,,Baden-Württemberg
364,47,52534,0.0,50,K1219,,Berlin
365,36,41110,1.0,36,K1473,,Baden-Württemberg
366,67,75807,1.0,46,K1197,,Baden-Württemberg
367,40,39443,1.0,48,K1602,,Niedersachsen
368,68,64541,0.0,31,K1194,,Hessen
369,47,52745,0.0,24,K1441,,Hamburg
370,30,31232,0.0,52,K1984,,Nordrhein-Westfalen
371,70,83902,0.0,49,K1922,,Niedersachsen
372,45,59679,0.0,25,K1933,,Thüringen
373,32,28689,0.0,41,K1648,,Sachsen
374,44,59093,1.0,34,K1653,,Berlin
375,47,43409,0.0,32,K1199,,Sachsen
376,62,77682,0.0,28,K1116,,Nordrhein-Westfalen
377,42,34572,0.0,42,K1536,,Niedersachsen
378,66,77908,1.0,41,K1148,,Nordrhein-Westfalen
379,53,44536,1.0,36,K1147,,Nordrhein-Westfalen
380,44,48650,1.0,45,K1434,,Sachsen
381,46,52041,1.0,28,K1272,,Bayern
382,62,85386,1.0,35,K1884,,Baden-Württemberg
383,45,39956,1.0,34,K1642,,Baden-Württemberg
384,55,70713,1.0,40,K1840,,Berlin
385,30,42439,1.0,49,K1604,,Berlin
386,53,55541,1.0,50,K1283,,Sachsen
387,56,62958,1.0,28,K1688,,Bayern
388,70,76890,1.0,37,K1889,,Berlin
389,55,67803,1.0,39,K1698,,Baden-Württemberg
390,32,47052,1.0,30,K1282,,Nordrhein-Westfalen
391,59,70568,1.0,43,K1749,,Bayern
392,38,31258,0.0,39,K1815,,Berlin
393,38,42954,0.0,39,K1720,,Baden-Württemberg
394,61,84321,1.0,44,K1488,,Baden-Württemberg
395,46,60088,1.0,38,K1362,,Bayern
396,46,71444,1.0,23,K1839,,Niedersachsen
397,34,34255,1.0,34,K1440,,Sachsen
398,47,50532,1.0,32,K1656,,Brandenburg
399,63,79754,1.0,42,K1120,,Nordrhein-Westfalen
400,57,58633,1.0,32,K1108,,Thüringen
401,65,62351,0.0,40,K1516,,Bayern
402,53,72003,0.0,34,K1361,,Nordrhein-Westfalen
403,63,79995,1.0,23,K1556,,Hessen
404,35,33793,1.0,41,K1578,,Berlin
405,61,79736,1.0,31,K1802,,Niedersachsen
406,69,98883,1.0,29,K1498,,Hessen
407,68,92374,0.0,44,K1327,,Baden-Württemberg
408,70,92238,1.0,38,K1611,,Bayern
409,57,52972,0.0,47,K1672,,Sachsen
410,36,47024,1.0,26,K1525,,Baden-Württemberg
411,41,45176,0.0,33,K1429,,Berlin
412,49,52713,0.0,43,K1635,,Baden-Württemberg
413,50,43389,1.0,38,K1114,,Niedersachsen
414,69,79689,1.0,51,K1354,,Bayern
415,41,53765,0.0,21,K1127,,Niedersachsen
416,49,57703,1.0,27,K1461,,Berlin
417,65,73776,1.0,33,K1326,,Niedersachsen
418,41,56806,1.0,32,K1706,,Bayern
419,34,34204,1.0,43,K1871,,Nordrhein-Westfalen
420,59,85332,1.0,21,K1979,,Nordrhein-Westfalen
421,55,58756,1.0,34,K1633,,Nordrhein-Westfalen
422,61,81435,1.0,40,K1445,,Niedersachsen
423,39,63688,1.0,20,K1848,,Berlin
424,51,46823,0.0,41,K1624,,Bayern
425,50,67276,1.0,29,K1308,,Hessen
426,45,70632,0.0,52,K1342,,Sachsen
427,33,36719,1.0,35,K1198,,Nordrhein-Westfalen
428,66,75021,1.0,27,K1835,,Bayern
429,63,65737,0.0,49,K1545,,Nordrhein-Westfalen
430,56,66606,1.0,15,K1664,,Bayern
431,42,42036,1.0,36,K1389,,Bayern
432,64,82889,0.0,44,K1289,,Baden-Württemberg
433,55,55421,0.0,29,K1896,,Niedersachsen
434,59,59731,0.0,30,K1592,,Nordrhein-Westfalen
435,63,78072,1.0,30,K1258,,Bayern
436,65,91807,1.0,45,K1180,,Nordrhein-Westfalen
437,53,65662,1.0,48,K1761,,Thüringen
438,36,29607,1.0,23,K1736,,Bayern
439,56,70410,1.0,39,K1382,,Bayern
440,47,63119,0.0,51,K1173,,Bayern
441,42,44380,1.0,30,K1930,,Bayern
442,56,71443,1.0,31,K1293,,Bayern
443,66,66735,0.0,26,K1376,,Nordrhein-Westfalen
444,30,40283,1.0,50,K1767,,Baden-Württemberg
445,49,54140,1.0,29,K1816,,Baden-Württemberg
446,33,36223,0.0,52,K1341,,Baden-Württemberg
447,68,81230,0.0,46,K1193,,Hessen
448,57,65786,1.0,43,K1862,,Thüringen
449,43,59089,0.0,29,K1222,,Sachsen
450,39,58806,1.0,55,K1230,,Niedersachsen
451,68,80798,1.0,43,K1836,,Nordrhein-Westfalen
452,36,38942,0.0,35,K1394,,Nordrhein-Westfalen
453,36,46373,0.0,36,K1343,,Bayern
454,42,57149,0.0,35,K1105,,Hessen
455,42,52174,0.0,38,K1986,,Bayern
456,42,46178,1.0,28,K1572,,Hessen
457,34,26418,0.0,45,K1932,,Sachsen
458,41,55038,1.0,41,K1500,,Hessen
459,62,71314,0.0,37,K1636,,Sachsen
460,33,49527,0.0,25,K1231,,Baden-Württemberg
461,54,53583,0.0,39,K1383,,Nordrhein-Westfalen
462,39,56179,1.0,29,K1796,,Nordrhein-Westfalen
463,54,69210,1.0,40,K1221,,Nordrhein-Westfalen
464,33,28556,1.0,52,K1333,,Nordrhein-Westfalen
465,32,40946,0.0,28,K1727,,Hessen
466,50,56452,1.0,37,K1760,,Bayern
467,64,66775,1.0,11,K1703,,Berlin
468,51,41344,0.0,24,K1621,,Nordrhein-Westfalen
469,37,42547,1.0,45,K1379,,Berlin
470,60,59341,1.0,46,K1423,,Hessen
471,36,54638,0.0,31,K1711,,Sachsen
472,69,71732,0.0,26,K1249,,Hessen
473,47,41229,1.0,32,K1739,,Nordrhein-Westfalen
474,42,52868,0.0,22,K1663,,Baden-Württemberg
475,68,74031,0.0,41,K1914,,Baden-Württemberg
476,33,44278,0.0,51,K1850,,Nordrhein-Westfalen
477,54,71794,0.0,32,K1474,,Berlin
478,62,78050,0.0,49,K1373,,Baden-Württemberg
479,60,80978,1.0,28,K1728,,Nordrhein-Westfalen
480,45,51056,1.0,33,K1412,,Nordrhein-Westfalen
481,53,64432,1.0,41,K1528,,Baden-Württemberg
482,48,62342,0.0,32,K1415,,Niedersachsen
483,51,56363,0.0,35,K1459,,Hamburg
484,63,72396,1.0,48,K1151,,Niedersachsen
485,34,26142,0.0,50,K1454,,Brandenburg
486,67,87205,1.0,47,K1476,,Sachsen
487,58,65207,0.0,27,K1584,,Baden-Württemberg
488,39,48650,1.0,45,K1681,,Nordrhein-Westfalen
489,58,80403,1.0,25,K1366,,Baden-Württemberg
490,62,68355,0.0,35,K1300,,Thüringen
491,49,54754,1.0,44,K1995,,Berlin
492,53,59447,1.0,48,K1849,,Nordrhein-Westfalen
493,52,67687,1.0,47,K1212,,Baden-Württemberg
494,41,43844,0.0,51,K1971,,Niedersachsen
495,50,56874,1.0,32,K1164,,Berlin
496,41,45205,1.0,26,K1763,,Baden-Württemberg
497,56,66037,0.0,33,K1368,,Berlin
498,58,70703,1.0,38,K1673,,Hessen
499,32,57455,0.0,42,K1205,,Niedersachsen
500,60,78010,0.0,40,K1548,,Thüringen
501,54,54716,1.0,39,K1595,,Sachsen
502,68,74173,1.0,41,K1792,,Thüringen
503,45,56233,1.0,46,K1904,,Bayern
504,63,72230,1.0,25,K1745,,Nordrhein-Westfalen
505,63,68751,1.0,39,K1274,,Baden-Württemberg
506,63,81446,0.0,12,K1284,,Niedersachsen
507,52,63037,0.0,42,K1409,,Baden-Württemberg
508,55,63242,1.0,35,K1446,,Baden-Württemberg
509,36,49453,1.0,36,K1162,,Baden-Württemberg
510,30,46530,1.0,45,K1963,,Nordrhein-Westfalen
511,31,47601,1.0,29,K1254,,Hamburg
512,69,78663,1.0,37,K1229,,Niedersachsen
513,68,75303,0.0,27,K1808,,Nordrhein-Westfalen
514,51,57040,1.0,38,K1155,,Sachsen
515,45,44138,1.0,31,K1458,,Bayern
516,49,50246,1.0,42,K1928,,Sachsen
517,41,54152,0.0,15,K1247,,Berlin
518,70,71511,0.0,47,K1575,,Nordrhein-Westfalen
519,32,32659,1.0,27,K1504,,Bayern
520,63,74905,1.0,35,K1680,,Hessen
521,46,53575,0.0,54,K1425,,Hessen
522,32,34848,0.0,24,K1124,,Nordrhein-Westfalen
523,65,70533,1.0,38,K1897,,Nordrhein-Westfalen
524,51,53267,1.0,53,K1812,,Berlin
525,35,53193,0.0,33,K1828,,Thüringen
526,41,64926,0.0,39,K1512,,Hamburg
527,55,65102,0.0,22,K1662,,Bayern
528,53,64075,0.0,36,K1143,,Nordrhein-Westfalen
529,49,67290,0.0,30,K1280,,Hessen
530,41,35323,1.0,24,K1350,,Sachsen
531,59,63141,0.0,31,K1845,,Sachsen
532,67,78936,1.0,34,K1707,,Niedersachsen
533,51,76712,1.0,36,K1873,,Baden-Württemberg
534,44,48523,1.0,54,K1869,,Sachsen
535,37,41367,0.0,31,K1259,,Nordrhein-Westfalen
536,64,68522,1.0,43,K1392,,Sachsen
537,42,50054,1.0,36,K1855,,Nordrhein-Westfalen
538,51,64923,1.0,39,K1122,,Nordrhein-Westfalen
539,48,57701,1.0,22,K1232,,Nordrhein-Westfalen
540,38,25073,0.0,44,K1427,,Berlin
541,54,59813,0.0,39,K1360,,Berlin
542,52,55752,1.0,42,K1875,,Bayern
543,31,35492,1.0,39,K1961,,Nordrhein-Westfalen
544,69,75983,0.0,47,K1295,,Hessen
545,70,57964,1.0,20,K1220,,Hessen
546,37,38361,0.0,25,K1842,,Nordrhein-Westfalen
547,51,67445,0.0,38,K1285,,Bayern
548,41,40291,1.0,40,K1406,,Thüringen
549,45,34928,1.0,14,K1784,,Bayern
550,69,95449,0.0,35,K1743,,Berlin
551,30,44854,0.0,36,K1754,,Hessen
552,60,74006,0.0,43,K1721,,Bayern
553,67,92235,1.0,29,K1701,,Bayern
554,54,81957,0.0,31,K1622,,Berlin
555,31,31912,0.0,29,K1980,,Bayern
556,67,100322,0.0,50,K1150,,Bayern
557,47,56853,1.0,43,K1912,,Bayern
558,35,33579,0.0,34,K1262,,Baden-Württemberg
559,53,50242,0.0,32,K1770,,Nordrhein-Westfalen
560,52,58522,0.0,36,K1276,,Sachsen
561,35,35620,0.0,33,K1121,,Bayern
562,58,68324,1.0,35,K1616,,Bayern
563,44,64786,1.0,56,K1153,,Baden-Württemberg
564,32,45043,0.0,17,K1967,,Nordrhein-Westfalen
565,54,72200,1.0,33,K1854,,Hessen
566,46,61880,0.0,40,K1620,,Sachsen
567,70,97121,1.0,36,K1722,,Baden-Württemberg
568,68,91036,1.0,40,K1585,,Brandenburg
569,34,55437,0.0,41,K1388,,Sachsen
570,70,67947,0.0,18,K1694,,Bayern
571,68,67645,0.0,51,K1330,,Berlin
572,52,71199,1.0,29,K1131,,Berlin
573,34,31569,1.0,58,K1953,,Baden-Württemberg
574,45,50681,1.0,41,K1542,,Hessen
575,39,42755,1.0,30,K1949,,Hessen
576,60,61876,0.0,20,K1469,,Hessen
577,59,77392,1.0,44,K1334,,Hessen
578,35,31305,1.0,27,K1142,,Baden-Württemberg
579,66,76359,0.0,22,K1962,,Sachsen
580,59,58008,1.0,35,K1479,,Baden-Württemberg
581,31,41923,1.0,33,K1574,,Nordrhein-Westfalen
582,33,37291,1.0,27,K1964,,Bayern
583,64,80850,0.0,36,K1863,,Baden-Württemberg
584,31,24167,1.0,41,K1756,,Niedersachsen
585,46,47676,1.0,55,K1299,,Bayern
586,39,40081,0.0,53,K1865,,Nordrhein-Westfalen
587,63,84772,1.0,30,K1973,,Düsseldorf
588,30,21238,1.0,30,K1608,,Berlin
589,54,53423,0.0,36,K1966,,Hamburg
590,49,55265,1.0,57,K1846,,Baden-Württemberg
591,65,79612,0.0,34,K1684,,Hessen
592,40,41616,0.0,48,K1993,,Nordrhein-Westfalen
593,30,54906,0.0,36,K1267,,Nordrhein-Westfalen
594,67,67953,0.0,38,K1735,,Niedersachsen
595,39,54069,1.0,42,K1257,,Bayern
596,58,68239,1.0,38,K1789,,Baden-Württemberg
597,39,47801,1.0,29,K1734,,Baden-Württemberg
598,42,54451,0.0,17,K1780,,Hessen
599,63,72872,1.0,32,K1216,,Brandenburg
600,69,77933,1.0,43,K1331,,Thüringen
601,39,39742,1.0,37,K1723,,Niedersachsen
602,48,46968,1.0,16,K1208,,Hessen
603,62,84204,1.0,68,K1526,,Bayern
604,59,64971,1.0,29,K1524,,Sachsen
605,30,25293,1.0,37,K1691,,Sachsen
606,48,57289,0.0,16,K1224,,Nordrhein-Westfalen
607,47,53602,1.0,33,K1158,,Nordrhein-Westfalen
608,62,70856,1.0,40,K1256,,Berlin
609,45,65988,1.0,55,K1508,,Sachsen
610,61,43123,1.0,46,K1944,,Baden-Württemberg
611,42,41050,1.0,27,K1312,,Baden-Württemberg
612,53,61112,0.0,20,K1857,,Baden-Württemberg
613,70,79595,1.0,51,K1822,,Thüringen
614,66,76115,0.0,59,K1113,,Bayern
615,38,29634,1.0,42,K1827,,Baden-Württemberg
616,61,62738,1.0,27,K1141,,Niedersachsen
617,68,94379,1.0,35,K1557,,Niedersachsen
618,42,67920,1.0,48,K1358,,Berlin
619,37,39083,1.0,33,K1408,,Baden-Württemberg
620,65,77272,1.0,41,K1772,,Berlin
621,50,62488,1.0,12,K1676,,Berlin
622,53,59582,0.0,31,K1741,,Hessen
623,69,64084,0.0,52,K1819,,Bayern
624,57,50717,0.0,26,K1367,,Nordrhein-Westfalen
625,62,80655,1.0,35,K1715,,Sachsen
626,46,49160,0.0,39,K1402,,Bayern
627,53,68336,1.0,33,K1519,,Sachsen
628,58,49653,0.0,38,K1255,,Nordrhein-Westfalen
629,56,72358,1.0,44,K1810,,Thüringen
630,44,67182,0.0,38,K1894,,Nordrhein-Westfalen
631,39,50353,0.0,41,K1655,,Hessen
632,36,48307,1.0,16,K1593,,Baden-Württemberg
633,31,28227,1.0,33,K1252,,Baden-Württemberg
634,59,71174,1.0,49,K1251,,Hessen
635,43,59150,0.0,31,K1941,,Thüringen
636,30,40098,0.0,40,K1931,,Sachsen
637,59,61744,1.0,27,K1975,,Thüringen
638,49,64640,1.0,38,K1453,,Brandenburg
639,48,57581,0.0,57,K1568,,Baden-Württemberg
640,61,71947,1.0,33,K1430,,Baden-Württemberg
641,37,57751,1.0,24,K1291,,Baden-Württemberg
642,56,59483,0.0,53,K1228,,Baden-Württemberg
643,68,82507,1.0,24,K1864,,Sachsen
644,65,77623,0.0,41,K1713,,Bayern
645,35,55165,0.0,16,K1248,,Nordrhein-Westfalen
646,60,70843,0.0,33,K1956,,Baden-Württemberg
647,58,68875,1.0,36,K1302,,Nordrhein-Westfalen
648,60,68566,1.0,20,K1714,,Berlin
649,42,54737,0.0,37,K1384,,Berlin
650,68,84266,1.0,43,K1398,,Berlin
651,47,68475,0.0,50,K1505,,Berlin
652,45,47805,0.0,36,K1227,,Berlin
653,68,68468,0.0,43,K1288,,Baden-Württemberg
654,50,61399,0.0,16,K1307,,Niedersachsen
655,62,80040,0.0,36,K1543,,Nordrhein-Westfalen
656,36,62517,0.0,35,K1351,,Nordrhein-Westfalen
657,54,65103,0.0,37,K1520,,Niedersachsen
658,65,72026,0.0,26,K1893,,Sachsen
659,50,38912,1.0,34,K1234,,Berlin
660,31,39505,1.0,15,K1742,,Hessen
661,35,33126,1.0,23,K1507,,Brandenburg
662,57,60794,0.0,32,K1899,,Bayern
663,58,58019,1.0,42,K1794,,Baden-Württemberg
664,50,54638,1.0,45,K1915,,Sachsen
665,54,69123,0.0,56,K1324,,Thüringen
666,55,69613,1.0,46,K1746,,Baden-Württemberg
667,44,49444,1.0,27,K1917,,Baden-Württemberg
668,42,50762,1.0,14,K1777,,Brandenburg
669,39,41453,0.0,40,K1920,,Niedersachsen
670,35,51809,1.0,49,K1729,,Baden-Württemberg
671,38,56413,0.0,43,K1960,,Bayern
672,67,71829,1.0,23,K1785,,Baden-Württemberg
673,67,64683,0.0,22,K1491,,Berlin
674,38,60883,1.0,41,K1968,,Thüringen
675,56,82205,0.0,43,K1614,,Hamburg
676,44,47045,1.0,38,K1372,,Nordrhein-Westfalen
677,48,84746,1.0,36,K1837,,Bayern
678,36,43538,1.0,26,K1546,,Hessen
679,57,72995,1.0,43,K1601,,Niedersachsen
680,48,70707,1.0,35,K1217,,Sachsen
681,42,48260,0.0,41,K1337,,Sachsen
682,56,76155,1.0,29,K1879,,Baden-Württemberg
683,40,26846,1.0,41,K1712,,Bayern
684,60,76138,0.0,36,K1776,,Sachsen
685,63,66691,1.0,52,K1478,,Bayern
686,35,35044,1.0,47,K1977,,Sachsen
687,47,55621,0.0,35,K1856,,Baden-Württemberg
688,60,67687,1.0,33,K1338,,Hessen
689,68,70848,1.0,33,K1911,,Brandenburg
690,53,79245,1.0,31,K1781,,Bayern
691,55,58431,1.0,46,K1422,,Nordrhein-Westfalen
692,63,74594,0.0,28,K1753,,Niedersachsen
693,30,44635,0.0,32,K1515,,Berlin
694,41,49170,1.0,36,K1903,,Baden-Württemberg
695,68,78649,0.0,37,K1463,,Nordrhein-Westfalen
696,31,43375,1.0,38,K1363,,Thüringen
697,44,68126,0.0,24,K1732,,Bayern
698,44,55445,0.0,45,K1737,,Bayern
699,66,79203,1.0,37,K1387,,Sachsen
700,39,59913,0.0,29,K1481,,Bayern
701,39,51488,0.0,14,K1489,,Bayern
702,43,53219,1.0,40,K1329,,Brandenburg
703,50,50945,0.0,45,K1951,,Baden-Württemberg
704,45,52765,0.0,42,K1833,,Hamburg
705,53,53443,1.0,39,K1577,,Nordrhein-Westfalen
706,35,31856,1.0,56,K1452,,Nordrhein-Westfalen
707,47,49585,1.0,42,K1610,,Bayern
708,49,63443,1.0,32,K1744,,Baden-Württemberg
709,41,49634,1.0,65,K1983,,Berlin
710,30,31802,1.0,38,K1929,,Hessen
711,58,52544,1.0,16,K1908,,Niedersachsen
712,31,34124,1.0,33,K1724,,Sachsen
713,30,58746,1.0,32,K1866,,Bayern
714,34,50643,0.0,29,K1750,,Bayern
715,62,63231,1.0,35,K1859,,Hessen
716,34,45507,1.0,39,K1661,,Nordrhein-Westfalen
717,59,85251,1.0,26,K1955,,Berlin
718,39,50013,1.0,31,K1682,,Nordrhein-Westfalen
719,36,43526,1.0,46,K1190,,Sachsen
720,62,59572,1.0,18,K1347,,Baden-Württemberg
721,55,62382,1.0,41,K1803,,Nordrhein-Westfalen
722,48,59163,0.0,41,K1264,,Berlin
723,50,73917,1.0,52,K1629,,Bayern
724,46,63048,1.0,31,K1140,,Berlin
725,57,54319,1.0,53,K1645,,Brandenburg
726,38,45342,1.0,40,K1275,,Berlin
727,52,68579,0.0,24,K1759,,Berlin
728,43,60901,0.0,52,K1891,,Hessen
729,48,65433,0.0,36,K1860,,Sachsen
730,57,64092,1.0,36,K1943,,Nordrhein-Westfalen
731,54,74220,1.0,45,K1200,,Nordrhein-Westfalen
732,59,56608,1.0,49,K1668,,Bayern
733,58,78517,1.0,24,K1345,,Baden-Württemberg
734,40,49709,1.0,20,K1679,,Thüringen
735,32,36992,1.0,26,K1795,,Hamburg
736,66,67550,1.0,18,K1565,,Sachsen
737,56,66602,1.0,55,K1658,,Thüringen
738,35,48822,0.0,21,K1885,,Baden-Württemberg
739,35,50251,0.0,39,K1311,,Nordrhein-Westfalen
740,46,44087,1.0,32,K1497,,Nordrhein-Westfalen
741,69,84659,0.0,32,K1502,,Baden-Württemberg
742,38,46151,1.0,18,K1861,,Niedersachsen
743,39,56023,1.0,59,K1322,,Baden-Württemberg
744,43,53592,0.0,31,K1109,,Nordrhein-Westfalen
745,36,46292,1.0,42,K1747,,Baden-Württemberg
746,51,53493,0.0,57,K1902,,Niedersachsen
747,47,63291,1.0,46,K1717,,Baden-Württemberg
748,62,74418,0.0,30,K1843,,Bayern
749,62,80098,1.0,37,K1651,,Sachsen
750,36,22706,0.0,35,K1830,,Baden-Württemberg
751,64,80694,0.0,20,K1788,,Baden-Württemberg
752,57,69354,1.0,51,K1203,,Thüringen
753,34,37661,1.0,28,K1832,,Bayern
754,49,70657,0.0,47,K1678,,Nordrhein-Westfalen
755,68,82209,0.0,36,K1511,,Nordrhein-Westfalen
756,49,67813,0.0,44,K1607,,Niedersachsen
757,69,69862,1.0,44,K1152,,Hessen
758,57,68849,0.0,30,K1137,,Berlin
759,58,64187,0.0,42,K1305,,Bayern
760,59,63241,1.0,33,K1239,,Berlin
761,58,81205,1.0,46,K1132,,Hessen
762,42,48307,1.0,41,K1952,,Berlin
763,41,51201,1.0,28,K1335,,Berlin
764,38,60020,0.0,25,K1594,,Niedersachsen
765,49,51392,0.0,40,K1483,,Baden-Württemberg
766,68,75570,1.0,35,K1393,,Berlin
767,58,74947,0.0,47,K1523,,Nordrhein-Westfalen
768,53,65983,0.0,48,K1779,,Baden-Württemberg
769,66,80806,1.0,22,K1496,,Bayern
770,44,60135,1.0,50,K1697,,Bayern
771,62,70449,0.0,24,K1603,,Niedersachsen
772,70,87311,0.0,46,K1243,,Berlin
773,51,43966,1.0,51,K1167,,Nordrhein-Westfalen
774,40,50404,1.0,39,K1576,,Baden-Württemberg
775,30,37308,0.0,30,K1752,,Berlin
776,57,77750,0.0,25,K1233,,Bayern
777,39,45047,0.0,28,K1972,,Nordrhein-Westfalen
778,34,33066,0.0,34,K1625,,Baden-Württemberg
779,58,57893,1.0,38,K1169,,Hessen
780,60,63515,1.0,44,K1119,,Nordrhein-Westfalen
781,62,77583,0.0,18,K1261,,Berlin
782,56,41843,0.0,40,K1145,,Berlin
783,30,40182,0.0,32,K1597,,Nordrhein-Westfalen
784,47,58432,0.0,22,K1484,,Baden-Württemberg
785,66,77161,0.0,15,K1292,,Baden-Württemberg
786,38,47188,0.0,41,K1868,,Bayern
787,41,49550,0.0,31,K1321,,Baden-Württemberg
788,30,30096,0.0,8,K1157,,Thüringen
789,45,48971,0.0,55,K1442,,Nordrhein-Westfalen
790,42,35264,1.0,42,K1853,,Baden-Württemberg
791,47,51429,0.0,24,K1824,,Nordrhein-Westfalen
792,48,73148,1.0,40,K1829,,Sachsen
793,51,69768,0.0,32,K1400,,Hessen
794,46,66328,1.0,20,K1806,,Berlin
795,70,66260,0.0,43,K1356,,Nordrhein-Westfalen
796,45,50109,0.0,25,K1831,,Baden-Württemberg
797,46,57509,1.0,43,K1566,,Hamburg
798,58,69209,0.0,34,K1560,,Nordrhein-Westfalen
799,67,81521,1.0,21,K1992,,Baden-Württemberg
800,49,60350,1.0,35,K1374,,Baden-Württemberg
801,42,53357,1.0,47,K1306,,Berlin
802,56,61601,1.0,48,K1266,,Bayern
803,62,65956,1.0,22,K1660,,Berlin
804,30,45591,1.0,26,K1834,,Hessen
805,48,43655,0.0,41,K1506,,Nordrhein-Westfalen
806,59,56316,0.0,35,K1807,,Niedersachsen
807,68,84969,1.0,24,K1581,,Berlin
808,36,43724,1.0,43,K1876,,Nordrhein-Westfalen
809,69,65999,0.0,44,K1210,,Bayern
810,43,53630,1.0,54,K1670,,Baden-Württemberg
811,63,81611,1.0,38,K1494,,Hessen
812,34,43358,1.0,33,K1106,,Berlin
813,52,54508,0.0,30,K1937,,Nordrhein-Westfalen
814,53,68187,0.0,35,K1666,,Baden-Württemberg
815,37,56717,0.0,40,K1185,,Bayern
816,39,40996,1.0,28,K1310,,Hessen
817,59,61880,0.0,35,K1139,,Bayern
818,70,72700,1.0,48,K1880,,Nordrhein-Westfalen
819,60,78633,0.0,41,K1613,,Nordrhein-Westfalen
820,64,67710,1.0,43,K1532,,Nordrhein-Westfalen
821,40,54688,1.0,43,K1559,,Baden-Württemberg
822,36,49200,1.0,58,K1471,,Berlin
823,43,37696,1.0,7,K1196,,Niedersachsen
824,54,71635,1.0,46,K1444,,Baden-Württemberg
825,64,59961,1.0,48,K1669,,Hessen
826,41,38375,0.0,25,K1450,,Thüringen
827,35,51044,1.0,21,K1881,,Sachsen
828,40,54037,0.0,19,K1346,,Nordrhein-Westfalen
829,46,65112,0.0,54,K1118,,Bayern
830,70,69099,0.0,24,K1420,,Sachsen
831,65,77311,0.0,28,K1705,,Nordrhein-Westfalen
832,35,34180,1.0,26,K1492,,Niedersachsen
833,52,66521,1.0,47,K1378,,Nordrhein-Westfalen
834,34,34322,1.0,17,K1271,,Sachsen
835,37,39509,0.0,34,K1988,,Baden-Württemberg
836,40,55845,1.0,26,K1751,,Berlin
837,63,78156,1.0,27,K1923,,Nordrhein-Westfalen
838,35,47150,1.0,12,K1589,,Berlin
839,31,26466,1.0,40,K1978,,Thüringen
840,32,40776,1.0,13,K1609,,Berlin
841,60,65588,0.0,38,K1936,,Bayern
842,58,60418,1.0,55,K1348,,Nordrhein-Westfalen
843,41,45567,0.0,35,K1671,,Baden-Württemberg
844,32,35272,0.0,30,K1667,,Nordrhein-Westfalen
845,46,70647,0.0,52,K1791,,Bayern
846,57,77462,1.0,27,K1294,,Bayern
847,60,54229,1.0,50,K1887,,Hessen
848,30,42931,1.0,34,K1804,,Nordrhein-Westfalen
849,36,44077,0.0,25,K1580,,Nordrhein-Westfalen
850,30,52892,1.0,33,K1786,,Baden-Württemberg
851,46,65676,1.0,20,K1615,,Baden-Württemberg
852,52,49271,1.0,31,K1163,,Niedersachsen
853,55,60312,1.0,26,K1579,,Bayern
854,43,49469,1.0,31,K1665,,Berlin
855,33,49675,0.0,36,K1852,,Hamburg
856,63,60048,0.0,33,K1357,,Berlin
857,65,86000,0.0,39,K1126,,Bayern
858,67,85349,0.0,35,K1418,,Baden-Württemberg
859,42,55437,0.0,37,K1564,,Brandenburg
860,61,74660,1.0,36,K1265,,Bayern
861,43,63300,0.0,44,K1381,,Berlin
862,63,67502,1.0,32,K1296,,Nordrhein-Westfalen
863,40,41373,0.0,50,K1490,,Thüringen
864,39,41160,0.0,37,K1910,,Baden-Württemberg
865,66,89744,0.0,37,K1518,,Bayern
866,62,70988,0.0,38,K1596,,Niedersachsen
867,60,62735,0.0,28,K1448,,Baden-Württemberg
868,70,84240,1.0,30,K1874,,Hamburg
869,46,64231,1.0,52,K1413,,Bayern
870,47,55129,0.0,33,K1766,,Bayern
871,43,59104,1.0,62,K1235,,Niedersachsen
872,59,73522,1.0,26,K1768,,Hamburg
873,51,46979,1.0,43,K1976,,Hamburg
874,34,50082,1.0,19,K1204,,Baden-Württemberg
875,49,61221,1.0,35,K1477,,Nordrhein-Westfalen
876,57,74592,0.0,38,K1192,,Sachsen
877,68,86843,1.0,28,K1563,,Berlin
878,61,72725,1.0,28,K1435,,Berlin
879,32,31562,1.0,52,K1319,,Baden-Württemberg
880,37,44541,0.0,34,K1571,,Niedersachsen
881,44,61848,1.0,22,K1226,,Baden-Württemberg
882,53,64184,0.0,33,K1719,,Brandenburg
883,41,41970,1.0,20,K1125,,Hamburg
884,31,47827,1.0,20,K1805,,Hessen
885,37,41292,0.0,33,K1176,,Niedersachsen
886,32,34391,1.0,48,K1211,,Hessen
887,41,68516,0.0,34,K1375,,Sachsen
888,65,89685,0.0,23,K1965,,Bayern
889,68,95714,0.0,32,K1540,,Bayern
890,49,73319,0.0,27,K1207,,Niedersachsen
891,64,66894,1.0,43,K0310,88160.31,Bayern
892,54,77644,1.0,40,K1042,103145.7,Berlin
893,55,44341,0.0,37,K0382,80565.16,Baden-Württemberg
894,49,67271,0.0,42,K0498,83949.89,Bayern
895,46,49832,0.0,41,K0552,93781.58,Hessen
896,59,62970,1.0,56,K0833,83862.47,Hessen
897,36,23660,1.0,23,K0097,49960.18,Thüringen
898,50,62422,1.0,38,K0290,94530.65,Thüringen
899,32,34112,1.0,36,K0950,62280.35,Bayern
900,62,77546,1.0,52,K0102,124857.23,Baden-Württemberg
901,68,77662,1.0,54,K1098,118227.18,Thüringen
902,45,68432,0.0,39,K0071,82849.76,Berlin
903,51,37169,0.0,31,K1023,57319.84,Sachsen
904,65,78613,1.0,50,K0482,114603.28,Baden-Württemberg
905,53,69721,1.0,54,K0440,98479.34,Hessen
906,62,62350,1.0,42,K0877,84761.44,Hessen
907,34,57844,1.0,54,K0295,62302.49,Nordrhein-Westfalen
908,55,44222,1.0,37,K0329,78218.77,Bayern
909,53,74381,0.0,57,K0433,120881.72,Nordrhein-Westfalen
910,57,45095,0.0,42,K0142,77157.15,Baden-Württemberg
911,43,52813,0.0,44,K0762,67106.32,Berlin
912,46,49340,0.0,47,K0459,69960.66,Nordrhein-Westfalen
913,62,89774,1.0,72,K0865,117051.99,Sachsen
914,55,66861,0.0,54,K1001,97465.12,Bayern
915,66,84822,0.0,56,K0889,118968.62,Hessen
916,59,91693,1.0,52,K0917,121840.18,Bayern
917,67,61517,0.0,43,K0537,80799.11,Niedersachsen
918,66,78548,0.0,69,K0362,121289.35,Sachsen
919,40,61386,0.0,53,K0856,81555.07,Niedersachsen
920,41,45016,0.0,39,K0399,65106.71,Niedersachsen
921,30,39302,1.0,35,K0448,71437.17,Baden-Württemberg
922,65,83431,1.0,65,K0210,119640.51,Baden-Württemberg
923,48,46259,1.0,29,K0502,73400.97,Baden-Württemberg
924,53,56160,1.0,38,K0782,93839.56,Nordrhein-Westfalen
925,37,47689,0.0,20,K0912,73619.96,Hessen
926,55,56264,1.0,40,K0412,83364.29,Baden-Württemberg
927,34,27844,0.0,36,K0690,41694.48,Bayern
928,43,72619,1.0,56,K0698,94619.66,Berlin
929,57,51842,0.0,51,K0045,70527.14,Sachsen
930,39,16051,0.0,29,K0535,24654.09,Hamburg
931,55,63325,0.0,46,K0766,89117.31,Berlin
932,58,64638,1.0,46,K0335,98621.47,Bayern
933,44,54514,1.0,53,K0695,80645.05,Hessen
934,39,44538,0.0,40,K0603,74086.48,Bayern
935,65,96471,1.0,55,K0520,145684.18,Nordrhein-Westfalen
936,36,35235,1.0,22,K0468,67764.25,Nordrhein-Westfalen
937,36,41489,1.0,47,K1047,63321.68,Baden-Württemberg
938,70,77553,1.0,58,K0619,119128.85,Bayern
939,62,62829,1.0,42,K0449,96175.78,Baden-Württemberg
940,50,67714,0.0,55,K0919,90616.13,Hessen
941,69,73444,1.0,47,K0052,115561.62,Niedersachsen
942,52,49778,1.0,44,K0732,72763.75,Thüringen
943,46,61088,1.0,48,K0622,117616.31,Berlin
944,40,61057,0.0,47,K0735,77084.28,Baden-Württemberg
945,35,52067,1.0,44,K0199,67345.58,Berlin
946,58,64180,1.0,51,K0057,98148.01,Baden-Württemberg
947,41,39630,1.0,41,K0507,80659.67,Bayern
948,46,67665,0.0,50,K0299,83620.57,Berlin
949,40,43103,0.0,33,K0531,77219.0,Berlin
950,35,39813,0.0,31,K0998,60757.87,Niedersachsen
951,40,45448,0.0,40,K0193,70066.79,Baden-Württemberg
952,61,90246,0.0,61,K0139,111436.45,Bayern
953,65,60323,1.0,47,K0588,90362.92,Niedersachsen
954,57,70535,1.0,46,K0406,88743.79,Nordrhein-Westfalen
955,64,76331,1.0,52,K0630,108153.91,Baden-Württemberg
956,53,57988,1.0,45,K0713,114801.87,Nordrhein-Westfalen
957,35,58838,1.0,47,K1056,81539.66,Sachsen
958,68,89783,1.0,73,K0957,138190.26,Baden-Württemberg
959,64,69256,1.0,47,K0110,110341.3,Berlin
960,46,47284,0.0,46,K0278,62114.5,Niedersachsen
961,66,63799,1.0,48,K0032,109159.01,Brandenburg
962,40,47192,0.0,48,K0087,72220.0,Sachsen
963,41,42992,1.0,38,K0454,65811.72,Bayern
964,37,45503,1.0,35,K0089,50836.91,Nordrhein-Westfalen
965,51,66908,1.0,65,K0108,93021.39,Bayern
966,38,34983,0.0,33,K0333,39236.62,Hamburg
967,43,38995,1.0,43,K0944,61300.12,Nordrhein-Westfalen
968,64,60640,1.0,46,K0774,92602.45,Baden-Württemberg
969,46,62061,1.0,43,K0716,105588.24,Nordrhein-Westfalen
970,55,63152,1.0,46,K1029,101027.77,Niedersachsen
971,63,65114,1.0,47,K0466,102718.58,Berlin
972,31,45575,1.0,41,K0729,67425.51,Bayern
973,39,48855,1.0,46,K0426,68265.8,Hessen
974,68,84070,1.0,63,K0573,122645.18,Brandenburg
975,68,83899,0.0,59,K0523,128052.56,Berlin
976,55,81244,1.0,58,K0614,108119.52,Hamburg
977,44,40928,0.0,36,K0938,68349.12,Niedersachsen
978,53,30821,1.0,26,K0011,58450.55,Nordrhein-Westfalen
979,33,46732,1.0,37,K1094,78942.39,Berlin
980,61,59597,0.0,47,K0934,104647.51,Baden-Württemberg
981,53,63147,1.0,47,K0725,105317.06,Hamburg
982,31,30572,0.0,31,K0328,47857.93,Thüringen
983,31,24944,1.0,35,K0179,31094.22,Hessen
984,57,37682,0.0,45,K0568,48170.28,Berlin
985,42,68945,1.0,49,K0974,88842.18,Berlin
986,49,32964,0.0,29,K0591,49823.49,Bayern
987,37,55505,1.0,39,K0952,61612.78,Berlin
988,40,50626,1.0,40,K0586,75452.53,Sachsen
989,43,45517,0.0,33,K0114,63320.19,Hessen
990,60,60569,0.0,52,K0843,89849.34,Brandenburg
991,68,94307,0.0,56,K0334,139799.0,Berlin
992,46,50946,0.0,32,K0050,83406.88,Nordrhein-Westfalen
993,63,92456,0.0,57,K0060,141292.39,Bayern
994,69,80400,0.0,54,K0945,120052.16,Berlin
995,50,55477,1.0,46,K1028,88889.58,Hamburg
996,35,25203,1.0,37,K0755,48554.06,Brandenburg
997,49,34170,0.0,30,K0274,53806.21,Hessen
998,35,53806,1.0,45,K0949,84195.58,Berlin
999,50,35262,0.0,25,K0585,55722.36,Berlin
1000,55,79794,1.0,54,K0784,118498.73,Hessen
1001,41,46542,1,40,K0024,63477.0,Baden-Württemberg
1002,62,72626,1.0,59,K0219,109158.35,Baden-Württemberg
1003,68,77118,1.0,47,K0159,83418.33,Berlin
1004,47,56965,0.0,41,K0532,86689.81,Niedersachsen
1005,48,67923,0.0,41,K0211,104683.62,Sachsen
1006,63,55422,0.0,40,K0680,81784.14,Sachsen
1007,50,64086,1.0,34,K1035,92285.2,Sachsen
1008,51,72996,0.0,50,K0813,124497.54,Bayern
1009,34,25970,0.0,33,K0981,45444.01,Bayern
1010,30,42551,1.0,46,K0084,58706.65,Niedersachsen
1011,58,73890,0.0,48,K0982,100147.52,Sachsen
1012,39,59413,0.0,44,K0421,80369.74,Baden-Württemberg
1013,60,51460,1.0,31,K0834,80985.24,Sachsen
1014,51,72225,0.0,52,K0826,120296.65,Nordrhein-Westfalen
1015,46,65611,1.0,54,K0721,85435.92,Thüringen
1016,61,57745,1.0,49,K0129,102766.17,Baden-Württemberg
1017,35,38580,1.0,44,K0360,47131.37,Baden-Württemberg
1018,36,55185,0.0,50,K0276,64034.01,Nordrhein-Westfalen
1019,58,52599,1.0,47,K0954,88810.94,Sachsen
1020,32,31090,1.0,29,K0320,59413.64,Baden-Württemberg
1021,58,59695,1.0,43,K0077,99547.37,Bayern
1022,66,73497,1.0,47,K0618,104863.39,Baden-Württemberg
1023,49,40198,1.0,52,K0209,62115.3,Bayern
1024,37,43760,1.0,35,K0571,63570.42,Hessen
1025,68,70277,1.0,48,K0221,130143.33,Bayern
1026,56,66786,1.0,55,K0287,108886.48,Berlin
1027,47,57545,1.0,45,K0789,70459.81,Niedersachsen
1028,48,47153,0.0,20,K0378,67603.44,Sachsen
1029,48,30477,1.0,29,K0244,53902.36,Niedersachsen
1030,36,47319,0.0,43,K0140,76696.47,Sachsen
1031,36,39697,0.0,48,K0232,60883.05,Sachsen
1032,40,59298,1.0,40,K0994,96941.73,Sachsen
1033,50,88749,0.0,64,K0494,119134.23,Bayern
1034,35,51556,1.0,46,K0631,73467.98,Bayern
1035,69,82036,0.0,52,K0372,118543.95,Berlin
1036,56,69651,1.0,54,K0709,123769.4,Baden-Württemberg
1037,62,62114,1.0,44,K0271,87670.86,Berlin
1038,37,37168,1.0,30,K0815,55031.56,Bayern
1039,31,41983,1.0,50,K0968,43660.45,Baden-Württemberg
1040,36,46427,1.0,28,K1055,57408.1,Bayern
1041,70,63937,0.0,46,K0157,121009.5,Hessen
1042,33,23596,1.0,27,K0862,44008.34,Baden-Württemberg
1043,56,67000,1.0,63,K0964,117255.91,Baden-Württemberg
1044,56,57640,0.0,46,K0986,83811.43,Niedersachsen
1045,65,86078,0.0,68,K1030,133381.03,Thüringen
1046,55,62380,0.0,64,K0465,92302.99,Niedersachsen
1047,30,49606,0.0,34,K0079,76579.11,Baden-Württemberg
1048,32,50330,1.0,27,K0175,49540.28,Bayern
1049,32,28303,0.0,26,K0809,57388.47,Bayern
1050,64,93624,1.0,55,K0791,126237.04,Bayern
1051,64,85374,1.0,62,K0528,121684.52,Baden-Württemberg
1052,50,41164,1.0,31,K0644,74268.93,Nordrhein-Westfalen
1053,62,80179,1.0,56,K0332,138650.02,Niedersachsen
1054,43,44559,1.0,22,K0040,74144.49,Sachsen
1055,32,40277,1.0,34,K0031,42093.26,Bayern
1056,63,63391,0.0,43,K0814,105484.64,Berlin
1057,65,77918,1.0,62,K0137,104728.1,Nordrhein-Westfalen
1058,35,53464,1.0,41,K0055,82821.95,Bayern
1059,65,58549,1.0,38,K0812,97388.62,Baden-Württemberg
1060,34,55070,0.0,46,K0717,67139.29,Berlin
1061,60,70296,1.0,46,K0526,94507.15,Niedersachsen
1062,50,70355,0.0,50,K1063,104977.17,Niedersachsen
1063,51,75335,0.0,50,K0324,110590.22,Sachsen
1064,47,48751,1.0,43,K0632,79984.29,Berlin
1065,37,48957,0.0,36,K0004,76412.36,Bayern
1066,33,35813,1.0,31,K0431,54223.32,Bayern
1067,70,90763,1.0,74,K0505,149827.25,Sachsen
1068,36,59150,0.0,46,K1072,63818.75,Thüringen
1069,30,51957,1.0,37,K0689,86152.97,Bayern
1070,66,67768,1.0,54,K1014,125157.59,Sachsen
1071,58,65162,1.0,56,K0261,106934.76,Bayern
1072,51,54077,1.0,48,K0200,77842.13,Berlin
1073,55,68245,0.0,52,K0059,112358.24,Baden-Württemberg
1074,60,68926,1.0,39,K0064,91715.99,Bayern
1075,67,87538,1.0,53,K0702,120582.75,Berlin
1076,44,57008,0.0,43,K0714,77339.83,Thüringen
1077,68,62116,0.0,44,K0366,98786.45,Hamburg
1078,63,85695,1.0,61,K0101,114451.46,Brandenburg
1079,61,65117,0.0,49,K0169,102799.87,Bayern
1080,69,63958,1.0,42,K0540,106491.22,Nordrhein-Westfalen
1081,51,64228,0.0,46,K0356,85280.73,Bayern
1082,53,68587,0.0,61,K0248,94955.06,Hamburg
1083,49,66068,1.0,51,K0569,93925.34,Berlin
1084,61,74008,1.0,62,K1074,110730.9,Hessen
1085,61,91903,0.0,60,K0389,111764.41,Sachsen
1086,40,45828,1.0,46,K1024,93946.55,Niedersachsen
1087,59,78591,1.0,66,K1080,121131.95,Nordrhein-Westfalen
1088,49,74627,1.0,65,K0887,102198.45,Bayern
1089,64,86943,1.0,68,K0480,126122.42,Thüringen
1090,31,22137,1.0,20,K1046,38697.44,Nordrhein-Westfalen
1091,43,70304,1.0,52,K0067,83886.2,Thüringen
1092,37,31911,0.0,34,K0615,49510.98,Hessen
1093,52,49657,1.0,46,K0068,89589.3,Nordrhein-Westfalen
1094,45,57880,0.0,44,K0245,98898.93,Nordrhein-Westfalen
1095,69,89082,1.0,66,K0013,124730.66,Nordrhein-Westfalen
1096,52,59767,1.0,52,K0355,90442.28,Berlin
1097,34,51868,1.0,33,K0757,87676.29,Baden-Württemberg
1098,55,62186,0.0,38,K0463,90301.78,Niedersachsen
1099,33,45811,1.0,40,K0297,64066.66,Berlin
1100,59,66293,0.0,44,K0637,91936.18,Baden-Württemberg
1101,51,65955,0.0,44,K0753,122657.88,Bayern
1102,30,18515,1.0,30,K0185,41027.79,Bayern
1103,49,55986,1.0,37,K0343,71207.17,Bayern
1104,61,72725,1.0,42,K0582,109982.32,Baden-Württemberg
1105,34,60319,0.0,51,K0238,77978.88,Niedersachsen
1106,47,55536,0.0,37,K0483,76897.16,Bayern
1107,62,76222,1.0,56,K1058,107580.68,Hessen
1108,53,50089,1.0,39,K0322,90472.38,Bayern
1109,33,38675,1.0,13,K0983,56493.4,Baden-Württemberg
1110,33,35064,1.0,39,K0925,48350.07,Berlin
1111,30,42861,1.0,42,K0772,74561.85,Baden-Württemberg
1112,54,57917,1.0,47,K1007,94386.02,Niedersachsen
1113,64,78797,1.0,65,K0257,109839.35,Bayern
1114,59,59443,0.0,46,K0291,99016.21,Baden-Württemberg
1115,57,56668,0.0,37,K0293,95820.3,Brandenburg
1116,44,48195,1.0,29,K0003,85705.57,Hessen
1117,48,44481,1.0,30,K0007,63604.43,Nordrhein-Westfalen
1118,40,50097,0.0,38,K0902,73036.86,Hamburg
1119,69,74462,1.0,36,K0391,110415.92,Berlin
1120,69,88545,1.0,58,K1085,130019.9,Bayern
1121,60,89512,1.0,59,K0319,145466.52,Nordrhein-Westfalen
1122,31,37149,1.0,29,K0886,65317.0,Hamburg
1123,66,77961,0.0,40,K0963,121393.97,Niedersachsen
1124,31,56282,0.0,43,K0883,81611.9,Thüringen
1125,61,72965,0.0,52,K0216,117298.71,Bayern
1126,45,82896,1.0,53,K0266,116749.66,Thüringen
1127,38,44329,0.0,29,K0534,48028.91,Hessen
1128,65,80375,1.0,64,K0874,121858.27,Niedersachsen
1129,30,55132,0.0,55,K0597,74760.4,Nordrhein-Westfalen
1130,41,53816,1.0,34,K0446,68749.31,Baden-Württemberg
1131,61,82624,1.0,59,K1100,134755.8,Berlin
1132,55,75863,1.0,60,K0763,96369.11,Hessen
1133,46,67111,1.0,55,K0658,93112.35,Hessen
1134,57,78848,1.0,59,K0300,122846.97,Sachsen
1135,68,66119,0.0,59,K0799,107741.21,Brandenburg
1136,57,73224,1.0,49,K0617,94361.83,Berlin
1137,35,20317,0.0,24,K0368,60372.24,Hessen
1138,44,42754,0.0,35,K0894,69418.9,Berlin
1139,43,33444,1.0,36,K0347,63707.22,Nordrhein-Westfalen
1140,30,47328,0.0,45,K0429,72459.7,Nordrhein-Westfalen
1141,63,88113,1.0,72,K0705,123910.94,Baden-Württemberg
1142,54,53037,1.0,44,K0026,88479.15,Nordrhein-Westfalen
1143,60,94859,1.0,61,K0425,138156.74,Hessen
1144,60,66507,1.0,41,K0975,103384.25,Niedersachsen
1145,65,45863,0.0,47,K1011,88037.39,Brandenburg
1146,37,28037,0.0,24,K0980,37558.95,Brandenburg
1147,69,89976,1.0,71,K0107,129284.1,Bayern
1148,33,69142,1.0,52,K0056,107174.44,Hessen
1149,66,86491,1.0,59,K0381,127825.69,Nordrhein-Westfalen
1150,48,66286,1.0,38,K0214,88275.44,Niedersachsen
1151,56,67292,1.0,54,K0121,90615.29,Bayern
1152,52,43463,1.0,26,K0881,57784.07,Brandenburg
1153,36,57337,0.0,53,K0553,95615.03,Berlin
1154,53,54940,1.0,45,K0073,82628.47,Berlin
1155,42,44277,1.0,39,K0629,67064.45,Nordrhein-Westfalen
1156,31,38149,1.0,43,K0353,46875.9,Nordrhein-Westfalen
1157,38,57891,1.0,38,K0508,73104.4,Bayern
1158,44,56488,1.0,39,K0850,99913.03,Bayern
1159,57,66341,0.0,38,K0627,85104.71,Nordrhein-Westfalen
1160,62,79285,1.0,49,K0443,121004.55,Nordrhein-Westfalen
1161,53,62592,1.0,48,K0307,93932.46,Baden-Württemberg
1162,63,60374,1.0,38,K0352,92221.35,Baden-Württemberg
1163,44,63671,0.0,48,K0775,102706.73,Nordrhein-Westfalen
1164,68,69381,1.0,45,K0524,102303.37,Berlin
1165,66,74011,1.0,56,K0696,116589.56,Baden-Württemberg
1166,51,63650,1.0,54,K1069,95477.5,Baden-Württemberg
1167,62,73034,1.0,38,K0579,104459.86,Thüringen
1168,60,51150,1.0,38,K0309,94420.15,Baden-Württemberg
1169,38,45935,0.0,49,K0478,76303.93,Brandenburg
1170,39,45873,1.0,47,K0061,75731.69,Hessen
1171,37,38116,0.0,29,K0606,77480.16,Nordrhein-Westfalen
1172,34,52606,1.0,42,K0093,83864.29,Bayern
1173,33,35069,0.0,29,K0719,43110.27,Berlin
1174,43,56948,1.0,35,K0923,67634.12,Berlin
1175,31,30362,0.0,31,K0783,34904.28,Niedersachsen
1176,51,68806,0.0,61,K0281,98128.97,Sachsen
1177,62,86770,1.0,63,K0825,112809.13,Berlin
1178,63,83693,1.0,70,K0424,119357.7,Bayern
1179,37,56641,0.0,50,K0345,59783.06,Bayern
1180,61,60160,1.0,53,K0183,100767.22,Baden-Württemberg
1181,34,46577,1.0,30,K0544,71156.2,Hessen
1182,60,62903,1.0,47,K0838,125573.59,Brandenburg
1183,30,34125,1.0,30,K0111,46414.4,Nordrhein-Westfalen
1184,43,50963,0.0,34,K0405,76275.31,Thüringen
1185,32,38008,1.0,17,K0598,59823.29,Berlin
1186,41,53363,1.0,38,K0533,75926.68,Brandenburg
1187,53,47966,1.0,39,K0486,73902.32,Nordrhein-Westfalen
1188,32,45461,1.0,36,K0742,69182.41,Niedersachsen
1189,47,55494,0.0,38,K0928,83850.57,Baden-Württemberg
1190,47,55524,0.0,41,K0262,67983.37,Bayern
1191,70,67872,0.0,44,K0495,114545.55,Baden-Württemberg
1192,30,54381,1.0,42,K0550,83223.78,Thüringen
1193,63,66597,0.0,40,K0727,83837.24,Baden-Württemberg
1194,55,60489,1.0,47,K1003,105741.8,Bayern
1195,42,53324,1.0,38,K0138,79456.84,Baden-Württemberg
1196,60,60911,0.0,52,K0596,97769.6,Baden-Württemberg
1197,62,74323,1.0,46,K0363,103270.9,Berlin
1198,67,73888,1.0,51,K0896,111202.84,Baden-Württemberg
1199,64,72974,1.0,36,K0653,106325.73,Thüringen
1200,39,39225,1.0,29,K0667,83313.68,Niedersachsen
1201,50,57036,1.0,40,K0671,95823.72,Hessen
1202,44,52043,1.0,42,K0030,72895.13,Sachsen
1203,53,49798,1,39,K0166,61329.51,Nordrhein-Westfalen
1204,62,96569,0.0,80,K0249,140745.65,Bayern
1205,58,59308,0.0,50,K0308,73667.3,Hamburg
1206,43,50456,1.0,34,K0785,88108.0,Bayern
1207,48,61627,1.0,53,K0669,82405.97,Nordrhein-Westfalen
1208,64,63436,0.0,45,K0337,95562.13,Baden-Württemberg
1209,30,55391,0.0,39,K0868,61951.79,Brandenburg
1210,38,54535,1.0,49,K0765,79772.26,Nordrhein-Westfalen
1211,58,49680,0.0,43,K0452,77792.44,Sachsen
1212,41,39800,1.0,45,K0410,79421.65,Niedersachsen
1213,42,41390,1.0,34,K0675,58786.52,Hamburg
1214,50,69342,0.0,42,K0583,115292.51,Niedersachsen
1215,37,66398,1.0,46,K0066,101131.52,Nordrhein-Westfalen
1216,42,59171,1.0,52,K0491,85183.22,Baden-Württemberg
1217,41,42509,0.0,37,K0984,61738.05,Baden-Württemberg
1218,34,24811,1.0,12,K0395,57541.73,Hamburg
1219,69,76932,1.0,48,K0255,133380.54,Bayern
1220,51,48813,0.0,28,K0800,52577.91,Sachsen
1221,61,49390,0.0,33,K0313,85180.08,Thüringen
1222,30,50998,1.0,38,K0888,95539.65,Baden-Württemberg
1223,47,55841,1.0,60,K0222,70169.26,Baden-Württemberg
1224,30,24933,0.0,26,K0236,40285.18,Hamburg
1225,57,58882,1.0,48,K0436,80802.02,Berlin
1226,41,49499,1.0,34,K0602,77389.91,Hamburg
1227,66,82969,0.0,62,K0306,138621.96,Hessen
1228,53,44034,1.0,40,K0479,69020.15,Hamburg
1229,62,65422,1.0,48,K0650,113261.61,Bayern
1230,56,84320,1.0,62,K1049,104544.82,Baden-Württemberg
1231,53,63121,0.0,49,K0250,82460.27,Nordrhein-Westfalen
1232,39,40699,1.0,34,K1038,66612.75,Niedersachsen
1233,45,45230,0.0,32,K0584,91201.91,Nordrhein-Westfalen
1234,47,56068,1.0,52,K0072,88529.55,Hamburg
1235,70,94606,1.0,58,K0095,139830.32,Berlin
1236,50,47571,0.0,39,K0034,83365.24,Baden-Württemberg
1237,39,54801,0.0,42,K0722,84900.44,Baden-Württemberg
1238,54,55785,1.0,38,K0260,90085.01,Berlin
1239,35,32553,0.0,19,K0205,66814.09,Nordrhein-Westfalen
1240,55,65084,1.0,38,K0778,104045.73,Baden-Württemberg
1241,52,61228,0.0,55,K0694,81411.98,Nordrhein-Westfalen
1242,59,78492,1.0,56,K0768,122336.16,Berlin
1243,44,46659,1.0,36,K0078,87048.58,Bayern
1244,37,48042,1.0,36,K0085,54313.59,Nordrhein-Westfalen
1245,36,60066,1.0,36,K1064,78126.13,Baden-Württemberg
1246,53,58050,1.0,37,K0083,78625.3,Niedersachsen
1247,35,48079,0.0,39,K0828,65670.65,Niedersachsen
1248,34,29899,0.0,24,K0527,45878.08,Bayern
1249,61,56063,1.0,44,K0679,98148.54,Berlin
1250,48,34459,1.0,43,K0922,44237.57,Hessen
1251,45,47515,0.0,40,K0434,66554.21,Niedersachsen
1252,61,68022,1.0,67,K0428,77134.04,Nordrhein-Westfalen
1253,46,54548,1.0,58,K0536,100672.01,Nordrhein-Westfalen
1254,57,65801,0.0,41,K0351,110519.86,Niedersachsen
1255,36,36269,0.0,37,K0951,49092.44,Nordrhein-Westfalen
1256,68,93315,1.0,69,K0006,141822.38,Baden-Württemberg
1257,62,100769,0.0,71,K0311,125018.41,Niedersachsen
1258,37,55129,1.0,53,K0549,73887.77,Nordrhein-Westfalen
1259,66,62843,1.0,53,K0105,113812.63,Berlin
1260,38,47861,0.0,37,K0098,66834.88,Hessen
1261,45,46099,0.0,41,K0605,84552.86,Sachsen
1262,55,64604,0.0,38,K0869,69621.64,Berlin
1263,62,81002,1.0,54,K0315,115409.9,Bayern
1264,45,46082,0.0,34,K0514,78379.94,Hamburg
1265,58,75531,1.0,50,K1059,94646.93,Niedersachsen
1266,43,37376,1.0,42,K0063,63383.29,Hessen
1267,51,57821,1.0,43,K0282,93565.3,Nordrhein-Westfalen
1268,46,44038,1.0,34,K0723,72625.61,Hessen
1269,70,84497,1.0,69,K0267,116193.41,Baden-Württemberg
1270,56,55688,0.0,49,K0561,94116.03,Nordrhein-Westfalen
1271,66,65063,1.0,56,K0239,106463.24,Nordrhein-Westfalen
1272,34,53286,1.0,40,K0430,57023.34,Bayern
1273,57,42006,0.0,32,K0146,50508.57,Hessen
1274,52,58873,1.0,39,K1031,80225.35,Bayern
1275,63,73099,1.0,51,K0651,118236.17,Bayern
1276,38,33873,0.0,28,K0623,56924.35,Bayern
1277,43,43130,0.0,35,K0119,61803.14,Hessen
1278,33,43936,1.0,45,K0676,78850.36,Berlin
1279,34,39614,1.0,26,K0515,56174.25,Hessen
1280,40,46710,0.0,38,K0251,77768.25,Berlin
1281,30,45508,1.0,38,K1073,64916.89,Bayern
1282,37,38717,0.0,34,K0286,56575.12,Bayern
1283,66,98881,1.0,64,K0546,131352.24,Sachsen
1284,40,43750,1.0,28,K0010,67687.0,Berlin
1285,52,67475,1.0,37,K0458,93897.2,Niedersachsen
1286,34,43470,1.0,41,K0197,70250.0,Nordrhein-Westfalen
1287,40,39921,1.0,45,K0731,65687.09,Nordrhein-Westfalen
1288,64,90952,0.0,61,K0371,116583.47,Nordrhein-Westfalen
1289,38,46715,1.0,50,K0082,101650.7,Baden-Württemberg
1290,54,75271,1.0,60,K0390,122250.09,Brandenburg
1291,52,63079,1.0,46,K0529,100733.46,Hessen
1292,48,63876,1.0,51,K0590,90833.08,Bayern
1293,48,54835,1.0,52,K1086,73324.94,Brandenburg
1294,49,69396,0.0,52,K0993,86666.48,Berlin
1295,61,79130,1.0,49,K0240,106664.4,Thüringen
1296,50,32462,1.0,30,K0414,65554.28,Brandenburg
1297,55,54760,0.0,45,K0212,86038.6,Bayern
1298,34,24264,1.0,19,K0859,22580.44,Berlin
1299,68,59104,0.0,52,K0701,87209.72,Nordrhein-Westfalen
1300,42,52370,0.0,48,K0576,74270.35,Bayern
1301,52,90021,1.0,64,K0228,124563.89,Thüringen
1302,58,80881,1.0,33,K1019,102290.11,Baden-Württemberg
1303,56,68794,1.0,57,K0621,108744.79,Sachsen
1304,52,53837,1.0,22,K0487,64750.35,Hamburg
1305,35,48208,1.0,50,K0948,78096.44,Nordrhein-Westfalen
1306,31,45328,0.0,39,K0178,68156.01,Hessen
1307,70,82041,1.0,44,K1067,106587.98,Baden-Württemberg
1308,42,34792,1.0,27,K0539,71876.74,Niedersachsen
1309,58,73853,1.0,50,K0136,97928.13,Baden-Württemberg
1310,64,81163,0.0,60,K0589,124639.62,Nordrhein-Westfalen
1311,69,79059,0.0,53,K0450,115211.31,Niedersachsen
1312,39,39831,1.0,41,K0808,56301.97,Nordrhein-Westfalen
1313,39,37905,1.0,32,K1101,61717.86,Hessen
1314,52,60315,1.0,40,K0008,106359.99,Berlin
1315,61,64831,0.0,35,K0437,113585.7,Hessen
1316,42,63657,1.0,40,K0156,84814.32,Hessen
1317,44,14547,1.0,29,K0708,28960.3,Nordrhein-Westfalen
1318,51,55866,0.0,35,K0358,84704.04,Baden-Württemberg
1319,55,56358,0.0,49,K0645,105656.62,Hamburg
1320,30,49623,1.0,42,K0224,65451.53,Nordrhein-Westfalen
1321,46,67067,1.0,45,K0330,88579.71,Thüringen
1322,43,49162,0.0,43,K0594,84864.12,Thüringen
1323,31,33788,0.0,28,K0543,67174.26,Nordrhein-Westfalen
1324,69,87922,0.0,54,K0929,120453.26,Niedersachsen
1325,33,51920,0.0,38,K0555,54310.26,Baden-Württemberg
1326,37,45690,1.0,34,K0683,64971.82,Baden-Württemberg
1327,61,64150,0.0,47,K0747,91908.79,Niedersachsen
1328,31,19138,0.0,37,K0845,21471.65,Sachsen
1329,55,79452,1.0,49,K0990,117307.67,Bayern
1330,50,42001,1.0,29,K0697,69941.72,Bayern
1331,49,63355,1.0,45,K1066,111931.58,Berlin
1332,67,73998,1.0,55,K0704,111198.78,Berlin
1333,60,61297,1.0,39,K0558,89077.09,Baden-Württemberg
1334,69,75241,1.0,44,K0932,128050.39,Nordrhein-Westfalen
1335,56,79198,1.0,54,K1051,85437.96,Nordrhein-Westfalen
1336,41,53509,0.0,37,K0441,90805.35,Bayern
1337,46,64863,0.0,45,K1052,101644.17,Nordrhein-Westfalen
1338,57,76586,1.0,45,K0847,104976.08,Hamburg
1339,55,68214,0.0,47,K0801,75900.15,Niedersachsen
1340,66,67497,1.0,55,K0164,117195.91,Nordrhein-Westfalen
1341,60,49925,0.0,39,K0229,84170.57,Bayern
1342,36,48447,1.0,45,K0786,90879.99,Brandenburg
1343,40,46664,1.0,36,K0873,59309.97,Hessen
1344,32,43819,1.0,47,K0213,57548.45,Sachsen
1345,66,88070,1.0,53,K0915,129089.55,Bayern
1346,54,54712,1.0,35,K0080,92084.38,Hessen
1347,40,53774,1.0,37,K0149,90227.44,Bayern
1348,35,44671,1.0,34,K0303,58157.49,Baden-Württemberg
1349,63,47767,0.0,53,K0761,81512.67,Hamburg
1350,39,46774,1.0,40,K0995,93641.06,Nordrhein-Westfalen
1351,33,52554,0.0,34,K0738,60796.8,Niedersachsen
1352,58,63385,0.0,41,K0718,93077.19,Baden-Württemberg
1353,49,63769,1.0,41,K0044,88665.28,Sachsen
1354,39,36057,1.0,32,K0969,73098.28,Nordrhein-Westfalen
1355,68,80664,0.0,63,K0134,122681.63,Baden-Württemberg
1356,66,62298,1.0,53,K0666,88092.7,Thüringen
1357,58,48730,1.0,34,K0746,87338.42,Baden-Württemberg
1358,52,60428,0.0,43,K0600,102443.11,Berlin
1359,50,53438,1.0,50,K0312,81140.06,Brandenburg
1360,34,25640,0.0,27,K0409,59338.04,Hamburg
1361,52,59873,1.0,39,K1077,76854.89,Niedersachsen
1362,34,47144,1.0,50,K0970,76527.76,Bayern
1363,69,62333,0.0,32,K0678,123546.58,Berlin
1364,54,64833,1.0,54,K0940,93686.46,Bayern
1365,58,68532,0.0,51,K0979,86666.09,Hamburg
1366,39,35523,1.0,36,K0971,54246.76,Baden-Württemberg
1367,68,89437,1.0,62,K0001,114481.9,Sachsen
1368,65,73513,1.0,43,K0423,119578.06,Baden-Württemberg
1369,44,51181,1.0,33,K0361,83060.06,Niedersachsen
1370,52,59011,1.0,45,K0383,88150.0,Berlin
1371,47,60557,0.0,49,K0317,96808.99,Nordrhein-Westfalen
1372,54,43811,1.0,45,K0926,77794.39,Nordrhein-Westfalen
1373,39,45332,0.0,24,K0476,77782.69,Baden-Württemberg
1374,49,56231,0.0,33,K0846,67307.08,Nordrhein-Westfalen
1375,62,67502,1.0,43,K0965,104564.5,Sachsen
1376,58,64297,1.0,56,K0530,110338.33,Bayern
1377,31,31976,1.0,33,K0635,45789.83,Nordrhein-Westfalen
1378,46,46549,0.0,43,K1065,62984.61,Berlin
1379,51,56496,1.0,49,K0141,78599.02,Niedersachsen
1380,68,57238,1.0,54,K0173,84306.46,Berlin
1381,39,28981,1.0,28,K0451,67912.67,Berlin
1382,42,49536,0.0,39,K0126,62506.44,Bayern
1383,56,61743,1.0,41,K0542,100812.37,Berlin
1384,39,31451,1.0,27,K0562,41728.39,Sachsen
1385,34,41276,1.0,33,K0661,53961.89,Sachsen
1386,47,48752,0.0,38,K1048,78207.23,Bayern
1387,64,63338,1.0,39,K0091,92846.99,Bayern
1388,57,68664,0.0,58,K1070,118552.48,Niedersachsen
1389,66,83118,0.0,67,K0182,113976.31,Sachsen
1390,37,54403,0.0,47,K0364,53690.36,Brandenburg
1391,48,58620,1.0,52,K0559,95311.77,Hessen
1392,37,44398,0.0,39,K0275,57851.21,Brandenburg
1393,53,47554,1.0,37,K0835,85424.37,Niedersachsen
1394,37,42600,0.0,25,K0252,65540.55,Nordrhein-Westfalen
1395,50,59505,0.0,37,K0070,78150.23,Sachsen
1396,62,47766,1.0,47,K0292,91150.03,Sachsen
1397,66,73170,0.0,54,K0132,109500.77,Baden-Württemberg
1398,59,81225,1.0,57,K0301,111772.36,Nordrhein-Westfalen
1399,42,47660,0.0,46,K0567,69281.41,Baden-Württemberg
1400,56,45484,1.0,35,K0327,68018.6,Bayern
1401,40,33908,1.0,45,K0848,69238.65,Bayern
1402,57,65311,1.0,47,K0145,87351.94,Nordrhein-Westfalen
1403,51,59485,0.0,49,K0500,96388.95,Nordrhein-Westfalen
1404,41,50613,1.0,35,K0905,81875.89,Bayern
1405,30,47053,1.0,39,K1095,85990.12,Bayern
1406,59,69178,1.0,48,K0496,80282.57,Brandenburg
1407,53,62497,1.0,47,K0339,95797.57,Bayern
1408,42,58398,1.0,38,K0804,86430.54,Bayern
1409,62,84681,0.0,50,K0165,115423.31,Hamburg
1410,45,47574,1.0,33,K0029,87328.47,Nordrhein-Westfalen
1411,41,46486,1.0,40,K0517,79483.05,Baden-Württemberg
1412,46,58938,1.0,57,K0194,78516.69,Nordrhein-Westfalen
1413,46,37812,1.0,39,K0693,67614.67,Nordrhein-Westfalen
1414,53,70392,1.0,59,K0170,89785.65,Bayern
1415,45,45742,0.0,39,K0599,83874.88,Thüringen
1416,31,39454,1.0,39,K0174,65981.74,Bayern
1417,50,57994,1.0,49,K0519,93543.59,Baden-Württemberg
1418,67,79290,1.0,46,K0853,122565.05,Thüringen
1419,47,45296,0.0,40,K0592,69529.36,Sachsen
1420,52,66942,0.0,50,K0492,90579.78,Niedersachsen
1421,55,63491,1.0,39,K0074,115135.5,Berlin
1422,66,65032,1.0,53,K0920,96232.71,Nordrhein-Westfalen
1423,31,60920,0.0,49,K0235,92362.74,Bayern
1424,49,67407,1.0,49,K0215,96728.92,Nordrhein-Westfalen
1425,54,60464,0.0,55,K0793,79245.06,Baden-Württemberg
1426,52,80319,0.0,51,K0133,124885.27,Baden-Württemberg
1427,57,75502,1.0,61,K0616,112788.96,Baden-Württemberg
1428,52,50014,1.0,38,K0788,86755.55,Berlin
1429,48,31841,1.0,28,K0186,58334.15,Brandenburg
1430,55,54161,1.0,36,K0042,104859.86,Nordrhein-Westfalen
1431,56,74257,0.0,49,K0109,110427.22,Baden-Württemberg
1432,62,60595,0.0,36,K0712,101207.94,Sachsen
1433,67,89170,1.0,76,K1093,123408.48,Hamburg
1434,42,45845,1.0,42,K0875,97820.78,Baden-Württemberg
1435,68,89120,0.0,55,K0484,135200.0,Berlin
1436,33,49726,1.0,41,K0469,71847.89,Thüringen
1437,51,50677,0.0,34,K0025,83785.2,Niedersachsen
1438,55,66128,0.0,43,K0924,117054.79,Berlin
1439,51,68102,1.0,52,K0910,101089.53,Nordrhein-Westfalen
1440,53,80451,1.0,58,K0895,112949.61,Hamburg
1441,30,30285,1.0,22,K0908,49774.03,Nordrhein-Westfalen
1442,33,45996,1.0,29,K0367,70449.86,Brandenburg
1443,66,78982,1.0,45,K0794,116107.59,Bayern
1444,38,33666,1.0,13,K0384,50494.07,Nordrhein-Westfalen
1445,60,70713,0.0,48,K0455,93794.62,Brandenburg
1446,64,79102,1.0,54,K0265,120716.52,Nordrhein-Westfalen
1447,43,56035,1.0,51,K0781,83116.94,Bayern
1448,70,90512,1.0,56,K0818,133444.42,Bayern
1449,66,82404,0.0,55,K0445,113241.16,Nordrhein-Westfalen
1450,51,62402,1.0,55,K0396,106473.29,Nordrhein-Westfalen
1451,46,62212,1.0,42,K0177,81404.44,Nordrhein-Westfalen
1452,59,72303,0.0,44,K0019,101687.09,Bayern
1453,44,44135,1.0,50,K0595,90278.48,Sachsen
1454,49,62203,1.0,43,K0724,85122.57,Hessen
1455,65,65989,1.0,44,K0062,102710.38,Nordrhein-Westfalen
1456,50,59828,0.0,46,K0273,87813.11,Baden-Württemberg
1457,38,47762,1.0,39,K1037,72194.21,Thüringen
1458,62,56784,0.0,38,K0279,80874.62,Niedersachsen
1459,59,64556,1.0,52,K0707,115909.26,Bayern
1460,61,72628,0.0,43,K0369,107586.29,Niedersachsen
1461,32,26860,0.0,26,K0744,37058.29,Berlin
1462,44,49072,1.0,43,K0978,68862.67,Bayern
1463,35,48297,1.0,37,K0823,62369.93,Baden-Württemberg
1464,48,60494,1.0,39,K0548,85749.76,Nordrhein-Westfalen
1465,37,41869,1.0,29,K0737,62593.9,Bayern
1466,30,45604,1.0,35,K0756,69872.12,Bayern
1467,64,74222,1.0,50,K0457,108488.51,Bayern
1468,68,72078,1.0,51,K0394,93935.85,Baden-Württemberg
1469,59,65278,1.0,42,K0831,91121.52,Nordrhein-Westfalen
1470,47,46708,1.0,31,K1006,70719.18,Nordrhein-Westfalen
1471,48,47062,0.0,34,K0376,79825.38,Baden-Württemberg
1472,55,66738,1.0,52,K0413,120215.5,Düsseldorf
1473,54,56229,0.0,40,K0075,97038.57,Nordrhein-Westfalen
1474,69,76330,1.0,47,K1033,120784.01,Sachsen
1475,42,53660,1.0,37,K0501,77862.18,Bayern
1476,30,31727,0.0,20,K0674,62658.18,Berlin
1477,32,42406,1.0,39,K0115,45125.2,Nordrhein-Westfalen
1478,59,64816,1.0,54,K0418,102801.02,Baden-Württemberg
1479,64,83452,1,62,K0090,133180.7,Niedersachsen
1480,53,77106,1.0,51,K1057,111716.45,Nordrhein-Westfalen
1481,54,43162,1.0,34,K0499,81298.0,Niedersachsen
1482,45,42110,1.0,33,K0733,67204.52,Baden-Württemberg
1483,33,27264,1.0,15,K0740,49485.54,Brandenburg
1484,65,73235,0.0,40,K0012,115599.05,Baden-Württemberg
1485,58,70268,1.0,48,K0397,103403.43,Nordrhein-Westfalen
1486,39,35011,0.0,32,K0668,57408.01,Sachsen
1487,69,61320,1.0,50,K0946,113385.31,Hessen
1488,31,26047,1.0,24,K0043,63491.25,Baden-Württemberg
1489,61,76325,1.0,45,K0168,116425.9,Sachsen
1490,62,84673,1.0,57,K0417,118973.65,Brandenburg
1491,57,77726,0.0,56,K0577,125762.16,Thüringen
1492,63,80199,0.0,70,K0904,138366.29,Baden-Württemberg
1493,48,77759,0.0,42,K0427,130352.49,Baden-Württemberg
1494,58,63366,1.0,49,K0545,104762.36,Baden-Württemberg
1495,44,62396,0.0,43,K1034,94641.94,Niedersachsen
1496,45,45825,1.0,42,K1084,80681.1,Baden-Württemberg
1497,35,35242,1.0,34,K0844,63070.96,Baden-Württemberg
1498,54,72410,1.0,53,K0741,117491.52,Sachsen
1499,54,49596,0.0,40,K0258,68169.84,Hamburg
1500,55,50959,1.0,46,K0336,88240.21,Niedersachsen
1501,51,47883,1.0,45,K0016,90273.18,Berlin
1502,70,89117,0.0,63,K0758,128700.13,Baden-Württemberg
1503,52,66602,1,45,K0325,98756.07,Bayern
1504,40,56643,0.0,35,K0913,96334.06,Baden-Württemberg
1505,64,92461,1.0,66,K0906,105443.46,Nordrhein-Westfalen
1506,69,83089,1.0,42,K0223,136022.46,Bayern
1507,57,75347,0.0,49,K0180,111539.65,Berlin
1508,41,63780,0.0,47,K0100,90449.48,Niedersachsen
1509,45,38876,1.0,45,K0522,78038.11,Nordrhein-Westfalen
1510,62,75575,1.0,50,K0023,124516.56,Nordrhein-Westfalen
1511,54,51135,1.0,36,K0357,95898.4,Nordrhein-Westfalen
1512,54,71828,0.0,54,K0802,99915.01,Nordrhein-Westfalen
1513,52,58284,1.0,43,K1025,93481.79,Nordrhein-Westfalen
1514,57,62292,1.0,46,K0612,99289.0,Nordrhein-Westfalen
1515,69,85191,0.0,55,K1071,134143.64,Nordrhein-Westfalen
1516,36,28194,0.0,33,K0341,33483.78,Baden-Württemberg
1517,45,45178,0.0,43,K0432,70342.95,Sachsen
1518,59,70484,0.0,58,K0852,107496.17,Brandenburg
1519,56,79765,1.0,59,K0991,117216.16,Niedersachsen
1520,38,38681,1.0,36,K0204,65930.74,Nordrhein-Westfalen
1521,55,53760,0.0,33,K0760,93912.15,Bayern
1522,68,83716,0.0,53,K0094,125611.48,Bayern
1523,55,62026,0.0,61,K1039,79649.63,Baden-Württemberg
1524,69,71612,1.0,42,K0069,116360.51,Berlin
1525,47,60658,0.0,39,K0751,87172.44,Hessen
1526,67,87141,0.0,65,K0285,147149.94,Berlin
1527,51,66558,1.0,54,K1060,115445.45,Sachsen
1528,31,28390,0.0,29,K0435,59963.88,Baden-Württemberg
1529,30,14993,0.0,34,K0154,33678.17,Baden-Württemberg
1530,70,86939,0.0,67,K0076,132147.29,Hamburg
1531,32,43734,0.0,34,K0876,49055.81,Nordrhein-Westfalen
1532,35,39852,1.0,35,K0581,63972.97,Bayern
1533,32,30856,1.0,18,K0447,27934.83,Nordrhein-Westfalen
1534,61,73383,0.0,49,K0189,105062.59,Baden-Württemberg
1535,43,54023,1.0,36,K0272,67446.84,Sachsen
1536,41,62190,1.0,46,K0237,72016.19,Baden-Württemberg
1537,61,72690,0.0,55,K0488,101692.85,Hessen
1538,49,56341,1.0,45,K1068,83125.26,Baden-Württemberg
1539,68,76627,1.0,59,K0560,106279.31,Nordrhein-Westfalen
1540,55,51515,0.0,51,K0118,78247.78,Thüringen
1541,42,44684,0.0,39,K0884,87308.31,Baden-Württemberg
1542,62,79791,0.0,48,K0972,101275.87,Nordrhein-Westfalen
1543,48,67677,1.0,42,K0513,94002.32,Baden-Württemberg
1544,54,42499,1.0,45,K0634,75331.36,Sachsen
1545,67,94092,1.0,63,K0662,135212.01,Bayern
1546,65,59789,1.0,45,K0959,96988.98,Niedersachsen
1547,59,68591,1.0,50,K0715,85536.41,Berlin
1548,61,83098,1.0,53,K0127,116002.86,Baden-Württemberg
1549,34,39181,0.0,39,K0117,41898.43,Baden-Württemberg
1550,50,65573,1.0,40,K0474,99556.57,Bayern
1551,35,58918,1.0,57,K0829,82500.37,Nordrhein-Westfalen
1552,47,57101,1.0,43,K0058,79106.97,Sachsen
1553,61,63590,0.0,34,K0604,86929.76,Baden-Württemberg
1554,70,68456,1.0,51,K0810,111312.94,Nordrhein-Westfalen
1555,57,81401,1.0,49,K0657,113014.09,Bayern
1556,41,49301,1.0,49,K0759,68579.84,Nordrhein-Westfalen
1557,64,75171,1.0,53,K0106,112055.97,Nordrhein-Westfalen
1558,39,45869,1.0,32,K0636,80389.23,Baden-Württemberg
1559,59,55669,0.0,31,K0370,84097.56,Baden-Württemberg
1560,62,63275,1.0,38,K0269,110109.58,Bayern
1561,35,51440,0.0,50,K0656,76009.29,Nordrhein-Westfalen
1562,37,45467,1.0,43,K0047,75752.08,Niedersachsen
1563,44,47183,1.0,34,K0350,70636.85,Baden-Württemberg
1564,53,70100,1.0,54,K0196,107089.66,Hessen
1565,52,69175,1.0,54,K0103,103778.57,Hessen
1566,34,16069,0.0,20,K0992,36929.31,Nordrhein-Westfalen
1567,68,54974,1.0,42,K0947,83002.22,Nordrhein-Westfalen
1568,43,58063,1.0,45,K0916,93120.95,Baden-Württemberg
1569,39,42008,0.0,45,K0882,69244.54,Baden-Württemberg
1570,31,31826,0.0,20,K0264,61856.99,Baden-Württemberg
1571,57,66921,0.0,57,K1062,95988.37,Bayern
1572,62,84548,1.0,58,K0444,110128.73,Bayern
1573,47,69003,0.0,46,K0811,102390.57,Baden-Württemberg
1574,35,40901,1.0,49,K0878,66275.03,Sachsen
1575,70,84543,1.0,60,K0305,128417.08,Baden-Württemberg
1576,65,88138,0.0,58,K0342,123538.59,Baden-Württemberg
1577,41,38996,0.0,28,K1002,66237.4,Bayern
1578,52,68820,0.0,45,K0314,88926.82,Nordrhein-Westfalen
1579,57,57191,0.0,53,K0150,96831.38,Hessen
1580,55,67004,1.0,51,K0125,114150.05,Hamburg
1581,52,66760,1.0,45,K0937,103242.45,Bayern
1582,53,53504,1.0,42,K0977,98914.66,Nordrhein-Westfalen
1583,66,82882,0.0,56,K0665,127752.43,Nordrhein-Westfalen
1584,65,70352,0.0,49,K0051,92584.18,Sachsen
1585,61,65481,1.0,44,K0354,95229.38,Bayern
1586,55,51720,1.0,34,K1061,98714.27,Niedersachsen
1587,31,36296,0.0,31,K0143,35482.61,Nordrhein-Westfalen
1588,58,65705,0.0,57,K0471,102678.3,Sachsen
1589,30,23521,1.0,24,K0654,24543.56,Berlin
1590,55,67168,0.0,57,K0400,95526.72,Bayern
1591,50,59847,1.0,43,K0754,95607.73,Nordrhein-Westfalen
1592,69,69084,1.0,41,K0321,107414.81,Thüringen
1593,67,78468,0.0,47,K0020,123598.99,Baden-Württemberg
1594,55,77056,1.0,54,K0685,118343.37,Bayern
1595,62,80910,0.0,59,K0962,108522.61,Bayern
1596,46,46834,1.0,47,K0941,71854.37,Baden-Württemberg
1597,37,50552,1.0,45,K0999,83913.36,Hessen
1598,59,79812,1.0,50,K0408,112833.38,Sachsen
1599,36,41243,1.0,31,K0538,55677.0,Hamburg
1600,44,39771,1.0,32,K0953,72076.48,Baden-Württemberg
1601,33,57513,0.0,44,K0966,62722.06,Bayern
1602,50,61857,1.0,52,K0039,104214.07,Baden-Württemberg
1603,66,61785,0.0,52,K0176,108131.17,Sachsen
1604,32,40729,1.0,33,K0246,54787.08,Baden-Württemberg
1605,31,30097,1.0,26,K0985,59710.03,Hessen
1606,46,47322,1.0,34,K0803,73162.63,Baden-Württemberg
1607,43,35922,0.0,27,K0901,51533.78,Hessen
1608,54,85929,1.0,66,K1054,129836.57,Hessen
1609,56,73496,0.0,47,K0155,94040.73,Niedersachsen
1610,62,76582,0.0,61,K0639,124774.93,Bayern
1611,32,45882,1.0,45,K0663,78435.1,Baden-Württemberg
1612,56,58547,0.0,60,K0288,99077.0,Berlin
1613,42,56364,1.0,50,K0626,66173.96,Nordrhein-Westfalen
1614,63,66387,0.0,44,K0686,112799.7,Niedersachsen
1615,34,43401,1.0,36,K0880,58491.97,Baden-Württemberg
1616,57,40164,0.0,46,K0570,77779.65,Hessen
1617,38,35130,1.0,51,K0890,52189.58,Hessen
1618,53,55741,0.0,41,K0018,83296.61,Berlin
1619,68,93769,1.0,42,K0128,137923.28,Bayern
1620,61,67757,0.0,47,K0323,107610.75,Nordrhein-Westfalen
1621,49,35194,1.0,28,K0256,65668.36,Nordrhein-Westfalen
1622,67,91461,1,66,K0790,131748.07,Berlin
1623,47,40566,0.0,30,K1087,54913.08,Hamburg
1624,61,68606,1.0,41,K0191,99514.15,Bayern
1625,30,45256,1.0,37,K0116,62326.68,Bayern
1626,58,60549,0.0,44,K1081,95376.05,Nordrhein-Westfalen
1627,34,40849,1.0,36,K1013,60157.5,Bayern
1628,67,80824,1.0,52,K0607,132575.6,Baden-Württemberg
1629,52,63832,0.0,35,K0181,84810.82,Berlin
1630,58,48580,1.0,32,K0302,77722.17,Baden-Württemberg
1631,64,71888,0.0,49,K0907,108277.84,Baden-Württemberg
1632,31,29275,1.0,30,K0854,51628.74,Hessen
1633,41,39563,1.0,39,K0867,78550.75,Baden-Württemberg
1634,55,59442,1.0,36,K0821,88964.7,Sachsen
1635,68,67429,0.0,54,K0797,100668.95,Bayern
1636,54,71244,1.0,51,K0518,92301.85,Baden-Württemberg
1637,45,50903,1.0,52,K0373,79988.48,Baden-Württemberg
1638,36,69703,0.0,50,K0046,86119.52,Niedersachsen
1639,66,76920,1.0,53,K0477,113661.11,Hamburg
1640,32,52664,1.0,53,K0158,72598.33,Baden-Württemberg
1641,46,58260,1.0,43,K0891,104933.18,Bayern
1642,41,59921,0.0,40,K0172,111734.31,Nordrhein-Westfalen
1643,31,42377,1.0,31,K0017,69094.76,Bayern
1644,60,64260,0.0,33,K0512,95392.37,Hessen
1645,43,42342,1.0,37,K0049,66374.97,Thüringen
1646,33,30037,1.0,28,K0192,62787.47,Baden-Württemberg
1647,52,84942,1.0,49,K1000,110785.84,Nordrhein-Westfalen
1648,64,84143,0.0,42,K0516,106701.56,Bayern
1649,39,40159,1.0,37,K1102,67170.69,Niedersachsen
1650,63,71039,1.0,48,K0822,98163.51,Thüringen
1651,64,64626,0.0,55,K0481,113550.22,Sachsen
1652,67,93757,1.0,54,K0284,134096.72,Berlin
1653,35,52473,1.0,57,K0860,86012.47,Nordrhein-Westfalen
1654,32,47570,1.0,38,K0787,82420.11,Hessen
1655,57,73261,0.0,52,K0226,95081.32,Baden-Württemberg
1656,56,61920,1.0,49,K0027,94455.39,Nordrhein-Westfalen
1657,43,70080,0.0,48,K0933,94723.69,Baden-Württemberg
1658,56,74505,1.0,50,K0438,103566.8,Baden-Württemberg
1659,42,70246,1.0,44,K1075,94369.73,Sachsen
1660,34,24647,1.0,26,K0365,49746.45,Sachsen
1661,59,61009,0.0,40,K0230,103904.6,Baden-Württemberg
1662,33,41309,1.0,25,K0038,82824.09,Baden-Württemberg
1663,46,62109,1.0,50,K0670,79387.46,Nordrhein-Westfalen
1664,34,45499,1.0,40,K0750,58717.86,Nordrhein-Westfalen
1665,30,37341,1.0,32,K1088,41316.33,Bayern
1666,59,56937,1.0,55,K0375,109491.66,Berlin
1667,40,41023,0.0,49,K0470,59175.54,Nordrhein-Westfalen
1668,43,53520,1.0,44,K1089,94866.27,Sachsen
1669,41,31809,1.0,27,K0688,44588.0,Sachsen
1670,33,43075,1.0,37,K1012,60255.17,Nordrhein-Westfalen
1671,53,43943,1.0,35,K0842,71806.29,Niedersachsen
1672,43,48335,0.0,42,K0870,68096.85,Hessen
1673,67,72430,1.0,43,K0195,116130.92,Berlin
1674,55,52440,0.0,41,K1043,73482.49,Hessen
1675,66,79684,0.0,44,K1027,111685.27,Bayern
1676,41,49106,1.0,35,K0504,60659.78,Baden-Württemberg
1677,31,32891,0.0,34,K1090,59486.79,Bayern
1678,65,79806,0.0,69,K0988,124673.13,Berlin
1679,67,93933,0.0,61,K0580,124053.4,Baden-Württemberg
1680,37,45011,1.0,38,K0161,63758.96,Berlin
1681,57,68984,0.0,41,K0681,81325.05,Berlin
1682,64,70698,1.0,45,K1041,118855.24,Brandenburg
1683,38,49724,0.0,33,K0163,69448.24,Nordrhein-Westfalen
1684,47,51053,1.0,49,K0706,89354.82,Nordrhein-Westfalen
1685,37,66600,1.0,49,K1015,86748.87,Niedersachsen
1686,62,64538,1.0,49,K0153,113786.43,Baden-Württemberg
1687,48,48903,0.0,38,K0817,59895.32,Baden-Württemberg
1688,49,65479,1.0,45,K0866,92555.99,Sachsen
1689,38,61052,1.0,39,K0903,93849.29,Niedersachsen
1690,64,79138,0.0,59,K0112,114319.8,Nordrhein-Westfalen
1691,54,70130,1.0,46,K0227,127478.45,Hessen
1692,66,74400,1.0,51,K0824,114577.68,Bayern
1693,53,59879,1.0,39,K0104,92542.02,Niedersachsen
1694,34,39127,0.0,27,K0422,71127.46,Thüringen
1695,52,77055,1.0,60,K0420,121764.28,Baden-Württemberg
1696,64,91409,1.0,76,K0897,140161.07,Sachsen
1697,66,86787,0.0,54,K0587,127064.84,Hessen
1698,68,80968,1.0,47,K0931,135002.85,Sachsen
1699,38,45470,1.0,40,K0673,72615.51,Sachsen
1700,68,80444,1.0,44,K0120,131551.59,Thüringen
1701,31,33214,1.0,31,K0054,58416.51,Sachsen
1702,68,73781,0.0,55,K0152,120941.76,Baden-Württemberg
1703,58,54668,1.0,42,K0404,99426.78,Baden-Württemberg
1704,48,45545,0.0,30,K1103,75700.83,Berlin
1705,32,35961,0.0,28,K0208,42830.37,Niedersachsen
1706,34,43862,1.0,32,K0659,91438.09,Sachsen
1707,69,84021,1.0,56,K1005,133358.19,Baden-Württemberg
1708,58,48755,1.0,43,K0911,95736.22,Bayern
1709,40,50085,0.0,42,K0009,68956.52,Bayern
1710,58,67540,1.0,47,K0960,106543.4,Bayern
1711,47,63067,1.0,41,K0037,102867.75,Bayern
1712,42,47953,1.0,45,K0453,65155.0,Bayern
1713,70,86609,1.0,60,K0652,142906.55,Bayern
1714,67,53207,1.0,41,K0254,90531.33,Nordrhein-Westfalen
1715,64,82125,0.0,66,K0304,99958.46,Berlin
1716,40,40278,1.0,37,K0893,45917.71,Bayern
1717,70,80568,0.0,43,K0572,120515.75,Nordrhein-Westfalen
1718,62,70035,1.0,52,K0624,98348.59,Niedersachsen
1719,33,41209,1.0,30,K0849,56426.61,Baden-Württemberg
1720,63,80414,1.0,49,K1104,101554.64,Sachsen
1721,35,41525,1.0,30,K0851,75726.31,Bayern
1722,47,67211,1.0,45,K0263,84216.96,Thüringen
1723,37,48132,1.0,32,K0611,63544.0,Bayern
1724,64,72069,1.0,47,K0298,116154.84,Berlin
1725,68,107689,1.0,60,K0415,165482.31,Niedersachsen
1726,54,56914,0.0,36,K0151,83783.08,Berlin
1727,62,73197,0.0,41,K0939,115604.15,Hessen
1728,57,40366,1.0,23,K0779,58229.04,Berlin
1729,47,55970,1.0,40,K0641,76520.05,Sachsen
1730,70,73211,0.0,64,K1040,121272.09,Sachsen
1731,51,51743,1.0,42,K0551,91562.01,Baden-Württemberg
1732,62,75303,1.0,48,K0942,116978.57,Nordrhein-Westfalen
1733,66,64077,1.0,48,K0489,109821.52,Nordrhein-Westfalen
1734,35,35300,1.0,33,K0820,58384.57,Baden-Württemberg
1735,67,71177,1.0,57,K0711,112500.75,Baden-Württemberg
1736,59,79235,0.0,68,K0148,130383.85,Thüringen
1737,49,52215,1.0,37,K0147,87326.82,Niedersachsen
1738,48,54204,0.0,54,K0863,86153.64,Nordrhein-Westfalen
1739,45,40446,0.0,41,K0346,76851.18,Brandenburg
1740,69,79491,1.0,74,K0885,127058.7,Nordrhein-Westfalen
1741,38,46165,1.0,35,K1036,60325.44,Berlin
1742,60,56507,0.0,41,K0660,84172.64,Berlin
1743,65,69167,1.0,42,K0771,110950.37,Niedersachsen
1744,52,81387,1.0,55,K0349,91299.91,Hessen
1745,39,47664,1.0,36,K0464,71040.72,Berlin
1746,31,43389,0.0,47,K0326,52734.87,Sachsen
1747,31,39617,1.0,35,K0187,60089.79,Berlin
1748,44,52258,0.0,47,K0124,72060.58,Bayern
1749,57,76694,0.0,58,K1016,120681.69,Bayern
1750,53,66225,1.0,49,K0609,78191.01,Hessen
1751,35,56593,1.0,51,K0144,74955.3,Brandenburg
1752,57,60125,1.0,41,K0752,89090.25,Bayern
1753,58,56452,0.0,37,K1082,86683.9,Baden-Württemberg
1754,63,76247,1.0,40,K0198,103879.52,Niedersachsen
1755,57,81624,1.0,63,K0610,123507.46,Berlin
1756,32,55589,0.0,44,K0837,60798.72,Berlin
1757,41,28790,0.0,44,K0280,55293.51,Niedersachsen
1758,62,68397,0.0,49,K0294,92611.11,Hessen
1759,65,52291,0.0,40,K0989,83234.33,Sachsen
1760,45,46062,1.0,25,K0401,61105.39,Nordrhein-Westfalen
1761,44,57848,1.0,43,K0123,81081.18,Bayern
1762,62,73353,0.0,51,K0184,104733.83,Berlin
1763,62,75407,1.0,55,K0203,115505.36,Brandenburg
1764,49,63205,0.0,35,K0439,92627.74,Berlin
1765,38,46525,1.0,34,K0836,80802.74,Bayern
1766,49,73660,1.0,51,K0247,107200.27,Bayern
1767,65,72055,1.0,51,K0416,105462.29,Brandenburg
1768,54,55557,1.0,38,K0927,72637.98,Bayern
1769,70,77481,1.0,60,K0914,114318.99,Baden-Württemberg
1770,63,69742,1.0,43,K1050,94365.56,Berlin
1771,64,65754,1.0,53,K0918,95513.44,Hamburg
1772,33,47124,1.0,35,K0053,79603.78,Bayern
1773,33,37491,0.0,32,K0130,53138.58,Niedersachsen
1774,34,27982,0.0,28,K0638,31074.53,Bayern
1775,51,58438,1.0,52,K0403,90811.71,Baden-Württemberg
1776,67,69567,1.0,53,K0935,128522.22,Brandenburg
1777,34,23826,0.0,34,K0921,48808.86,Niedersachsen
1778,45,62178,1.0,46,K0736,85463.8,Baden-Württemberg
1779,44,68447,0.0,47,K0855,96292.93,Sachsen
1780,53,59694,1.0,40,K1053,91743.18,Sachsen
1781,69,74254,1.0,63,K0220,102553.46,Bayern
1782,61,74239,1.0,65,K0642,106676.91,Thüringen
1783,58,65271,1.0,44,K0002,106258.99,Nordrhein-Westfalen
1784,60,73978,0.0,44,K0899,109383.25,Baden-Württemberg
1785,59,80507,1.0,52,K1076,122494.92,Baden-Württemberg
1786,36,27831,0.0,37,K0081,38628.85,Bayern
1787,49,58030,1.0,38,K0625,102268.68,Nordrhein-Westfalen
1788,67,88160,0.0,67,K0997,116308.36,Hessen
1789,69,80988,0.0,57,K0909,130219.27,Baden-Württemberg
1790,30,40170,1.0,44,K0387,63566.56,Hessen
1791,59,63905,1.0,38,K1092,94428.01,Bayern
1792,33,41016,0.0,36,K0807,61945.93,Bayern
1793,57,57867,0.0,35,K0510,78941.48,Bayern
1794,65,73022,0.0,64,K0268,100337.77,Niedersachsen
1795,67,78366,1.0,55,K0973,109630.95,Nordrhein-Westfalen
1796,64,67455,1.0,38,K0442,116446.72,Nordrhein-Westfalen
1797,46,46352,1.0,22,K0497,76759.63,Bayern
1798,33,34894,1.0,29,K0830,60765.14,Baden-Württemberg
1799,66,70138,1.0,59,K0113,102407.29,Berlin
1800,59,61988,0.0,34,K0692,83817.23,Baden-Württemberg
1801,45,62886,1.0,50,K0233,91266.15,Nordrhein-Westfalen
1802,65,82579,0.0,52,K0472,119442.59,Nordrhein-Westfalen
1803,41,38158,0.0,37,K0608,49170.73,Nordrhein-Westfalen
1804,43,41643,0.0,25,K0672,68969.85,Berlin
1805,42,63339,1.0,54,K0374,90132.53,Nordrhein-Westfalen
1806,50,45848,1.0,47,K0827,48780.22,Hessen
1807,52,58625,1.0,46,K0664,113237.35,Sachsen
1808,42,41463,1.0,43,K1004,74976.67,Baden-Württemberg
1809,55,66624,1.0,36,K0234,94540.15,Hessen
1810,66,95730,1.0,63,K0819,138765.11,Nordrhein-Westfalen
1811,62,66385,1.0,45,K0936,110890.06,Hessen
1812,30,28784,1.0,34,K0677,42416.07,Berlin
1813,54,72215,1.0,42,K0318,117790.98,Sachsen
1814,42,55975,0.0,38,K0649,80767.86,Nordrhein-Westfalen
1815,45,60218,1.0,41,K0411,102902.04,Hamburg
1816,40,40385,0.0,38,K1044,60570.44,Baden-Württemberg
1817,63,58435,1.0,47,K0710,87561.26,Thüringen
1818,51,40228,1.0,31,K0359,64816.33,Hessen
1819,64,64196,1.0,48,K0259,107141.39,Bayern
1820,56,81045,0.0,58,K0745,125101.5,Berlin
1821,58,49747,1.0,48,K0628,77878.69,Hamburg
1822,34,65070,1.0,57,K0633,98105.63,Hamburg
1823,59,76842,0.0,47,K0283,94309.74,Baden-Württemberg
1824,46,40684,1.0,36,K0377,66968.71,Niedersachsen
1825,41,46713,1.0,40,K0385,49617.32,Bayern
1826,40,50730,1.0,30,K0225,69432.02,Baden-Württemberg
1827,61,59927,1.0,47,K1079,100903.48,Baden-Württemberg
1828,51,47827,1.0,39,K0967,71298.43,Thüringen
1829,54,60025,1.0,42,K0473,74740.62,Berlin
1830,41,62740,0.0,52,K0348,91641.0,Niedersachsen
1831,48,45333,1.0,40,K0506,65343.65,Hessen
1832,30,41029,0.0,32,K0640,70761.65,Hessen
1833,32,23753,0.0,22,K1099,40179.55,Bayern
1834,46,51329,1.0,32,K0798,77922.3,Thüringen
1835,42,48275,1.0,42,K0340,70990.88,Thüringen
1836,65,60136,1.0,44,K0556,116989.74,Hessen
1837,65,55071,1.0,41,K0620,90033.88,Niedersachsen
1838,43,52541,0.0,36,K1020,79916.64,Hessen
1839,62,79399,0.0,56,K0955,125617.3,Baden-Württemberg
1840,54,64748,1.0,47,K0646,104496.28,Bayern
1841,62,57795,0.0,38,K1008,85730.62,Niedersachsen
1842,35,59218,0.0,33,K0557,89824.77,Berlin
1843,60,71186,1.0,53,K0682,115349.19,Hessen
1844,54,55199,1.0,59,K0578,64942.31,Baden-Württemberg
1845,39,61809,1.0,44,K0796,80843.31,Nordrhein-Westfalen
1846,53,61613,1.0,50,K0086,99068.03,Brandenburg
1847,64,71112,1.0,55,K0243,121577.09,Hamburg
1848,31,44046,1.0,31,K0699,51186.35,Thüringen
1849,69,72349,1.0,61,K0839,103823.85,Baden-Württemberg
1850,35,55716,1.0,25,K0160,63069.62,Sachsen
1851,43,53186,1.0,43,K0525,93969.09,Hamburg
1852,68,79182,1.0,48,K0036,125939.52,Baden-Württemberg
1853,38,59079,1.0,56,K0541,92587.82,Berlin
1854,70,95326,1.0,66,K0171,133593.66,Baden-Württemberg
1855,50,48277,1.0,47,K0655,88936.09,Nordrhein-Westfalen
1856,50,78249,1.0,55,K0749,114846.09,Nordrhein-Westfalen
1857,69,59104,1.0,65,K1021,125140.05,Bayern
1858,69,77887,0.0,51,K1009,126098.91,Hessen
1859,61,94363,1.0,50,K0485,137974.71,Bayern
1860,60,61431,1.0,33,K0734,105250.41,Bayern
1861,34,46252,0.0,39,K0900,62891.18,Berlin
1862,57,60138,1.0,35,K0096,102300.93,Baden-Württemberg
1863,48,57825,1.0,31,K0564,94299.04,Thüringen
1864,38,35214,1.0,32,K0241,50205.8,Bayern
1865,61,65648,0.0,51,K0743,100202.5,Berlin
1866,49,60621,1.0,41,K0864,81988.0,Hessen
1867,32,61059,0.0,47,K0575,81549.78,Nordrhein-Westfalen
1868,59,60769,1.0,53,K0691,72785.83,Baden-Württemberg
1869,37,60379,0.0,59,K0461,83542.5,Thüringen
1870,38,51844,1.0,31,K0892,60596.45,Sachsen
1871,54,71830,1.0,44,K0554,113981.18,Bayern
1872,55,75123,1.0,55,K0858,97596.04,Nordrhein-Westfalen
1873,30,29432,0.0,28,K1032,61522.97,Nordrhein-Westfalen
1874,58,46940,0.0,36,K0207,78383.96,Baden-Württemberg
1875,45,52953,1.0,36,K0393,69536.92,Brandenburg
1876,57,68942,0.0,51,K0795,96688.41,Nordrhein-Westfalen
1877,67,73602,1.0,56,K0871,124908.81,Nordrhein-Westfalen
1878,32,58361,0.0,46,K0398,71055.84,Nordrhein-Westfalen
1879,51,71583,0.0,59,K0767,99159.39,Baden-Württemberg
1880,41,50856,1.0,42,K1010,87967.12,Nordrhein-Westfalen
1881,70,73363,0.0,54,K0218,111223.31,Hamburg
1882,50,56621,0.0,40,K0005,92898.67,Bayern
1883,46,49781,0.0,48,K0769,73484.48,Hessen
1884,40,43259,1.0,36,K0643,58493.0,Niedersachsen
1885,58,67418,0.0,65,K0462,95613.26,Bayern
1886,31,27160,0.0,26,K0943,40495.11,Bayern
1887,65,60902,1.0,52,K0613,114790.5,Niedersachsen
1888,69,67799,0.0,55,K0739,99345.38,Bayern
1889,67,81679,0.0,57,K0961,124223.23,Bayern
1890,67,74189,0.0,44,K0547,118596.14,Baden-Württemberg
1891,60,70775,0.0,64,K0987,101574.15,Baden-Württemberg
1892,34,52759,1.0,53,K0726,77110.67,Niedersachsen
1893,58,68451,1.0,45,K1097,114851.71,Nordrhein-Westfalen
1894,68,84609,1.0,54,K0684,123507.33,Baden-Württemberg
1895,37,48532,0.0,32,K0099,68786.85,Hessen
1896,49,69675,1.0,51,K0805,92342.53,Baden-Württemberg
1897,35,24355,1.0,32,K0728,55167.61,Hessen
1898,30,36552,0.0,21,K0574,51200.08,Baden-Württemberg
1899,34,44113,1.0,34,K0407,69211.99,Sachsen
1900,65,68189,0.0,36,K0503,97143.57,Nordrhein-Westfalen
1901,64,77668,0.0,63,K0048,116246.65,Baden-Württemberg
1902,36,24397,0.0,38,K0033,32833.88,Baden-Württemberg
1903,37,44420,1.0,26,K0930,51519.02,Bayern
1904,52,60063,1.0,31,K0780,109287.55,Niedersachsen
1905,66,94518,0.0,62,K0840,119618.58,Thüringen
1906,40,55005,1.0,47,K0201,76273.78,Berlin
1907,44,43460,0.0,45,K0135,71339.81,Hessen
1908,57,83306,1.0,53,K0028,112854.14,Sachsen
1909,38,55278,1.0,46,K0041,95883.59,Baden-Württemberg
1910,38,54775,1.0,40,K1018,75261.51,Hamburg
1911,64,89881,0.0,55,K0231,120551.98,Hessen
1912,41,57422,1.0,47,K0490,75053.42,Nordrhein-Westfalen
1913,37,30511,0.0,29,K0773,63585.76,Niedersachsen
1914,57,66962,1.0,47,K0379,103890.1,Sachsen
1915,63,65128,1.0,42,K0289,111253.56,Berlin
1916,66,80562,1.0,48,K0419,121433.27,Bayern
1917,30,23168,1.0,23,K0392,38984.74,Thüringen
1918,70,76112,1.0,60,K0593,107199.46,Sachsen
1919,56,65663,1.0,55,K0648,107678.5,Hessen
1920,52,77888,1.0,59,K0521,105968.69,Bayern
1921,44,47332,0.0,36,K0065,84281.71,Baden-Württemberg
1922,32,43022,1.0,36,K0015,50811.55,Sachsen
1923,54,65610,1.0,59,K0493,78467.12,Berlin
1924,55,69487,1.0,50,K0380,93455.52,Thüringen
1925,55,76066,0.0,52,K0188,112809.53,Hamburg
1926,56,76011,1.0,63,K0764,125585.18,Nordrhein-Westfalen
1927,36,51478,1.0,32,K0217,90484.89,Bayern
1928,44,52628,0.0,47,K0792,80768.14,Bayern
1929,39,50202,1.0,30,K0879,86793.36,Bayern
1930,54,58380,1.0,45,K0338,89265.3,Hessen
1931,39,57156,1.0,39,K0720,77986.08,Baden-Württemberg
1932,48,51210,1.0,29,K0296,64363.81,Bayern
1933,60,57664,0.0,51,K1017,95386.14,Hessen
1934,31,36628,0.0,33,K0456,58605.27,Berlin
1935,69,77676,1.0,62,K0816,126864.71,Nordrhein-Westfalen
1936,33,38152,0.0,26,K0270,68310.6,Baden-Württemberg
1937,69,65252,1.0,42,K0996,105771.99,Berlin
1938,45,49088,0.0,39,K0202,80749.79,Niedersachsen
1939,56,66685,1.0,55,K0162,110938.59,Hessen
1940,42,22279,1.0,20,K0730,61502.53,Sachsen
1941,66,85534,1.0,59,K0402,122017.62,Sachsen
1942,63,81261,1.0,48,K0703,109555.23,Bayern
1943,32,26878,1.0,36,K0566,50126.6,Bayern
1944,70,84074,1.0,57,K1022,144045.32,Baden-Württemberg
1945,30,52514,1.0,27,K1026,76020.69,Niedersachsen
1946,45,54276,1.0,43,K0206,88859.4,Baden-Württemberg
1947,38,48364,1.0,35,K0035,85707.42,Bayern
1948,51,69957,0.0,51,K0776,102053.63,Bayern
1949,36,40554,1.0,24,K0509,68345.72,Baden-Württemberg
1950,57,78835,1.0,55,K1091,112307.45,Baden-Württemberg
1951,62,71666,1.0,59,K0092,107104.52,Thüringen
1952,59,79283,1.0,59,K0898,105625.52,Berlin
1953,68,61693,0.0,52,K0565,111218.49,Nordrhein-Westfalen
1954,43,57981,0.0,55,K0777,96036.67,Niedersachsen
1955,70,80732,1.0,52,K0242,116569.27,Baden-Württemberg
1956,53,70398,0.0,48,K0014,102062.3,Sachsen
1957,32,53135,1.0,53,K0316,81152.36,Baden-Württemberg
1958,40,53679,1.0,41,K0601,77410.61,Berlin
1959,63,82564,1.0,59,K0388,124742.75,Bayern
1960,44,47834,1.0,44,K0167,69642.73,Berlin
1961,65,62961,1.0,56,K0841,106364.96,Baden-Württemberg
1962,31,27501,1.0,22,K0021,39695.86,Hessen
1963,51,61555,0.0,36,K0647,101804.21,Hamburg
1964,40,42128,1.0,40,K0832,78281.31,Niedersachsen
1965,55,45218,1.0,34,K0563,69467.58,Berlin
1966,48,43335,1.0,27,K1078,67948.2,Nordrhein-Westfalen
1967,32,43583,0.0,37,K0687,75274.62,Baden-Württemberg
1968,56,42003,0.0,43,K0958,84471.99,Hessen
1969,35,41741,0.0,38,K0190,52271.78,Hamburg
1970,65,79589,0.0,57,K0976,117896.45,Hessen
1971,40,76423,0.0,51,K0700,101008.49,Bayern
1972,43,59012,1.0,44,K0511,91000.76,Baden-Württemberg
1973,59,59104,0.0,46,K1083,92837.59,Baden-Württemberg
1974,65,58270,1.0,38,K0475,85983.74,Berlin
1975,37,57504,1.0,40,K0857,78406.83,Berlin
1976,48,59014,1.0,48,K0748,97451.48,Bayern
1977,65,70212,1.0,45,K0253,102160.74,Hessen
1978,50,49026,0.0,36,K0022,79076.93,Berlin
1979,55,61750,1.0,52,K0460,93666.44,Nordrhein-Westfalen
1980,32,34846,0.0,25,K0277,48990.25,Baden-Württemberg
1981,59,68568,0.0,41,K0956,95476.41,Baden-Württemberg
1982,30,62318,1.0,50,K0386,93943.58,Hessen
1983,54,84027,1.0,58,K0806,117270.4,Niedersachsen
1984,30,29264,1.0,21,K0344,54886.03,Berlin
1985,55,71467,1.0,59,K0770,89954.18,Hessen
1986,59,68825,0.0,60,K0131,83303.72,Brandenburg
1987,66,58457,1.0,35,K0872,79415.76,Bayern
1988,46,46384,1.0,37,K0088,82034.0,Sachsen
1989,69,96516,1.0,64,K0331,142208.17,Baden-Württemberg
1990,70,69581,1.0,51,K0467,103751.58,Thüringen
1991,38,48301,1.0,33,K0122,64230.98,Niedersachsen
1992,67,63547,1.0,41,K1045,103123.57,Berlin
1993,37,32686,1.0,36,K1096,49215.87,Baden-Württemberg
1994,55,71240,1.0,49,K0861,106132.59,Bayern
